S_d, S_n, Mask Mean FA, AUC, Theta Mask Mean, Theta Mask Std, Phi Mask Mean, Phi Mask Std, npeaks, Mask Fraction
0.833333, 1.666667, 0.644169, 0.884283, 1.5503898287997675, 0.2695816659867887, 3.0809276026371957, 2.8320081243859305,1.00, 0.0271360000000000
0.833333, 2.083333, 0.560938, 0.850607, 1.5544008327525956, 0.2366799896200768, 3.1445903671276052, 2.8633874672833075,1.00, 0.0271360000000000
0.833333, 2.500000, 0.491235, 0.773707, 1.5545303195919777, 0.2219804555637293, 3.1997077505597415, 2.8628678365674483,1.00, 0.0271360000000000
0.833333, 2.916667, 0.435850, 0.674237, 1.5516223887386613, 0.2307193540544722, 3.2670476309658496, 2.8418425386726271,1.00, 0.0271360000000000
0.833333, 3.333333, 0.390645, 0.568733, 1.5383031328754146, 0.2719944702416725, 3.3329970503209996, 2.7972863165923196,1.00, 0.0271360000000000
0.833333, 3.750000, 0.352768, 0.468298, 1.5059315190768070, 0.3427001954845219, 3.3969383244399922, 2.7359447160981705,1.00, 0.0271360000000000
0.833333, 4.166667, 0.321363, 0.381108, 1.4416432326604010, 0.4373663312503051, 3.4702974791808927, 2.6576876926721757,1.00, 0.0271360000000000
0.833333, 4.583333, 0.296386, 0.310931, 1.3531457497828179, 0.5402243273572036, 3.5128294219232736, 2.5710787022489718,1.00, 0.0271360000000000
0.833333, 5.000000, 0.277782, 0.257601, 1.2301674845863402, 0.6267735229384634, 3.5033142717518100, 2.4891974687748526,1.00, 0.0271360000000000
0.833333, 5.416667, 0.265191, 0.220236, 1.0818429689288336, 0.6916787114369154, 3.4515722322564359, 2.4057297499983470,1.00, 0.0271360000000000
0.833333, 5.833333, 0.257811, 0.197410, 0.9463544637712054, 0.7350915227715079, 3.4100788092981973, 2.2985703372917343,1.00, 0.0271360000000000
0.833333, 6.250000, 0.254584, 0.186620, 0.8201147057972507, 0.7533296226995126, 3.4025994385699567, 2.2006769967854640,1.00, 0.0271360000000000
0.833333, 6.666667, 0.254506, 0.185551, 0.6661221938937754, 0.7239910589050731, 3.3994396699975762, 2.0776715213549384,1.00, 0.0271360000000000
0.833333, 7.083333, 0.256732, 0.192425, 0.5179849804893295, 0.6659008273431927, 3.4882120040426705, 1.9473134412834796,1.00, 0.0271360000000000
0.833333, 7.500000, 0.260600, 0.205632, 0.4106850393661435, 0.6099681090653917, 3.5711709879699178, 1.8908613467485937,1.00, 0.0271360000000000
0.833333, 7.916667, 0.265585, 0.223643, 0.3446743148474538, 0.5653383762063233, 3.6146768004560936, 1.8493543503513818,1.00, 0.0271360000000000
0.833333, 8.333333, 0.271266, 0.245141, 0.3085787997609679, 0.5511230630360825, 3.6350980216075346, 1.8226122747861191,1.00, 0.0271360000000000
0.833333, 8.750000, 0.277319, 0.268978, 0.2767646367844994, 0.5367380904714588, 3.6468130861452446, 1.8145009819941491,1.00, 0.0271360000000000
0.833333, 9.166667, 0.283499, 0.294133, 0.2361991110068294, 0.4930500358045779, 3.6686634188090070, 1.8305151030883187,1.00, 0.0271360000000000
0.833333, 9.583333, 0.289631, 0.319796, 0.1933193855397501, 0.4256481676108460, 3.7008449673497124, 1.8549883364771196,1.00, 0.0271360000000000
0.833333, 10.000000, 0.295608, 0.345379, 0.1630430444003144, 0.3721591893260977, 3.7171456317354123, 1.8697301668036117,1.00, 0.0271360000000000
1.250000, 1.666667, 0.765999, 0.918907, 1.5685888381321367, 0.1483080008381538, 3.0680368941018941, 2.9287252072215257,2.00, 0.0271360000000000
1.250000, 2.083333, 0.698506, 0.929444, 1.5682818907969815, 0.1159603787274152, 3.0890362169579939, 2.9395199007540280,2.00, 0.0271360000000000
1.250000, 2.500000, 0.643478, 0.931924, 1.5683076656973118, 0.1005996991337765, 3.1377206414651497, 2.9358568869176711,2.00, 0.0271360000000000
1.250000, 2.916667, 0.599722, 0.929821, 1.5684879938119642, 0.0975725997821682, 3.1996829281715118, 2.9205604432008268,2.00, 0.0271360000000000
1.250000, 3.333333, 0.562685, 0.921824, 1.5680619434323431, 0.1025420790284247, 3.2765158334835500, 2.9014614459448862,2.00, 0.0271360000000000
1.250000, 3.750000, 0.528853, 0.906728, 1.5668240389571308, 0.1128787146712763, 3.3536563463790259, 2.8804925422566323,2.00, 0.0271360000000000
1.250000, 4.166667, 0.496622, 0.883829, 1.5653214237393369, 0.1284894175330635, 3.4541962660443777, 2.8519139230022126,2.00, 0.0271360000000000
1.250000, 4.583333, 0.465563, 0.852663, 1.5631926929171014, 0.1505117112137132, 3.5448370215972016, 2.8228447728288728,2.00, 0.0271360000000000
1.250000, 5.000000, 0.435765, 0.813637, 1.5600918588225732, 0.1803671046360585, 3.6123935971994268, 2.7835943348904588,1.00, 0.0271360000000000
1.250000, 5.416667, 0.407596, 0.768814, 1.5530954981417293, 0.2199846692060242, 3.6896831942171602, 2.7445479618930202,1.00, 0.0271360000000000
1.250000, 5.833333, 0.381442, 0.721292, 1.5415435705186078, 0.2700956289819654, 3.7637148784520074, 2.7037307771199424,1.00, 0.0271360000000000
1.250000, 6.250000, 0.357584, 0.673913, 1.5179036324937620, 0.3249566073921970, 3.7999678359580846, 2.6520205103704662,1.00, 0.0271360000000000
1.250000, 6.666667, 0.336273, 0.628868, 1.4877332688602216, 0.3905948259486585, 3.8314129203922049, 2.5941044904300297,1.00, 0.0271360000000000
1.250000, 7.083333, 0.317649, 0.587508, 1.4265008636743282, 0.4590622911564063, 3.8855855593775463, 2.5273311722647578,1.00, 0.0271360000000000
1.250000, 7.500000, 0.301721, 0.550370, 1.3538280876392366, 0.5201196083966636, 3.9458458734548705, 2.4673068372316500,1.00, 0.0271360000000000
1.250000, 7.916667, 0.288446, 0.517775, 1.2833475635667784, 0.5670466626917755, 3.9724187243712028, 2.4105391504304539,1.00, 0.0271360000000000
1.250000, 8.333333, 0.277680, 0.489625, 1.2142376724834640, 0.6108067161413655, 3.9287148113550301, 2.3663900198461878,1.00, 0.0271360000000000
1.250000, 8.750000, 0.269171, 0.465700, 1.1314601668101754, 0.6502772734773299, 3.8336414532464347, 2.3167266013471708,1.00, 0.0271360000000000
1.250000, 9.166667, 0.262645, 0.446005, 1.0401213507420251, 0.6745506223636770, 3.7598667778457893, 2.2961306755581412,1.00, 0.0271360000000000
1.250000, 9.583333, 0.257813, 0.430623, 0.9663236554521113, 0.6966978213375239, 3.7107169961368478, 2.2801319915869018,1.00, 0.0271360000000000
1.250000, 10.000000, 0.254400, 0.419551, 0.8945566484246057, 0.7182135500141897, 3.6474102461062810, 2.2814724752003439,1.00, 0.0271360000000000
1.666667, 1.666667, 0.797324, 0.844012, 1.5695633223396108, 0.0996097434783337, 3.1031370193681544, 2.9647218641503681,2.00, 0.0271360000000000
1.666667, 2.083333, 0.743087, 0.881339, 1.5688902028858502, 0.0867566787011535, 3.1478267452794055, 2.9597502950195453,2.00, 0.0271360000000000
1.666667, 2.500000, 0.701324, 0.908779, 1.5687392171675314, 0.0806601373355728, 3.1727121144613353, 2.9477966753013138,2.00, 0.0271360000000000
1.666667, 2.916667, 0.669864, 0.928764, 1.5683276715934180, 0.0787730299234911, 3.2184083342368046, 2.9339251524452012,2.00, 0.0271360000000000
1.666667, 3.333333, 0.644423, 0.941755, 1.5683024548729019, 0.0805612756004375, 3.2476507652909707, 2.9194175385412637,2.00, 0.0271360000000000
1.666667, 3.750000, 0.621727, 0.948264, 1.5674717011394184, 0.0853544594240000, 3.2750101445719193, 2.9110407972167960,2.00, 0.0271360000000000
1.666667, 4.166667, 0.600053, 0.949650, 1.5667684828376340, 0.0924746998057218, 3.3083636061200132, 2.8988448021052826,2.00, 0.0271360000000000
1.666667, 4.583333, 0.578667, 0.947344, 1.5652089770270290, 0.1015840809056817, 3.3741844388889453, 2.8840222017868653,2.00, 0.0271360000000000
1.666667, 5.000000, 0.557311, 0.942303, 1.5629313778256200, 0.1123259433515750, 3.4296623414839367, 2.8699039483459878,2.00, 0.0271360000000000
1.666667, 5.416667, 0.536015, 0.935002, 1.5601419753547676, 0.1244807687942562, 3.4931307481694787, 2.8462389737933926,2.00, 0.0271360000000000
1.666667, 5.833333, 0.514903, 0.925666, 1.5563839972895499, 0.1379219146594899, 3.5602776988221967, 2.8130013866659334,2.00, 0.0271360000000000
1.666667, 6.250000, 0.494099, 0.914434, 1.5524972959646917, 0.1526229502738718, 3.6069429198649474, 2.7851830568653533,2.00, 0.0271360000000000
1.666667, 6.666667, 0.473771, 0.901468, 1.5477405775802318, 0.1683876947702609, 3.6199154544744299, 2.7672213484315482,2.00, 0.0271360000000000
1.666667, 7.083333, 0.454076, 0.887010, 1.5428722516046056, 0.1866861837820560, 3.6419756334233373, 2.7569985908461434,2.00, 0.0271360000000000
1.666667, 7.500000, 0.435114, 0.871465, 1.5365240682774759, 0.2106719775523247, 3.6460628476767791, 2.7505731313348867,2.00, 0.0271360000000000
1.666667, 7.916667, 0.417005, 0.855277, 1.5308095720385366, 0.2418302340231552, 3.5867315944529725, 2.7375760674986425,2.00, 0.0271360000000000
1.666667, 8.333333, 0.399839, 0.838850, 1.5245154068755415, 0.2775599719690878, 3.5432646418193303, 2.7089895829656130,2.00, 0.0271360000000000
1.666667, 8.750000, 0.383645, 0.822558, 1.5140900593813766, 0.3120580087307918, 3.5372489141589609, 2.6814921173333848,2.00, 0.0271360000000000
1.666667, 9.166667, 0.368466, 0.806773, 1.4996515823295233, 0.3486100540777409, 3.5481199583257692, 2.6510936751704546,2.00, 0.0271360000000000
1.666667, 9.583333, 0.354317, 0.791839, 1.4778680574445913, 0.3834217444685862, 3.5881448273093919, 2.6273634710997604,2.00, 0.0271360000000000
1.666667, 10.000000, 0.341170, 0.778021, 1.4499849609222748, 0.4160499860936129, 3.6427397466512672, 2.6038992190405650,2.00, 0.0271360000000000
2.083333, 1.666667, 0.808034, 0.722324, 1.5693408140252143, 0.0894654587640959, 3.1437386625310109, 2.9774934270979281,3.00, 0.0271360000000000
2.083333, 2.083333, 0.760420, 0.778664, 1.5694647841200591, 0.0830785869390572, 3.1748854573404350, 2.9577106844385921,2.00, 0.0271360000000000
2.083333, 2.500000, 0.725067, 0.833037, 1.5689374588733631, 0.0791343406486162, 3.2000926842314605, 2.9420122560406714,2.00, 0.0271360000000000
2.083333, 2.916667, 0.699521, 0.876365, 1.5686188774047978, 0.0776541133456628, 3.2136610624934785, 2.9257378882419371,2.00, 0.0271360000000000
2.083333, 3.333333, 0.679855, 0.908374, 1.5684290684701898, 0.0787963541132648, 3.2222947097350816, 2.9142352397071511,2.00, 0.0271360000000000
2.083333, 3.750000, 0.663091, 0.929790, 1.5679965957608188, 0.0820992141954545, 3.2204703995190842, 2.9082457829408650,2.00, 0.0271360000000000
2.083333, 4.166667, 0.647568, 0.942139, 1.5668837968307423, 0.0872185278784530, 3.2234292110543463, 2.9036662784106890,2.00, 0.0271360000000000
2.083333, 4.583333, 0.632482, 0.947869, 1.5658015421283775, 0.0938567708682012, 3.2549467187705163, 2.8997447040318676,2.00, 0.0271360000000000
2.083333, 5.000000, 0.617465, 0.949188, 1.5647040245227821, 0.1018004357723485, 3.2715267762300897, 2.8871228829888405,2.00, 0.0271360000000000
2.083333, 5.416667, 0.602413, 0.947803, 1.5633117168319250, 0.1108185774072875, 3.2925651666029063, 2.8749413041018825,2.00, 0.0271360000000000
2.083333, 5.833333, 0.587324, 0.944793, 1.5605060377541038, 0.1206133199323595, 3.3213978510140185, 2.8674264616077694,2.00, 0.0271360000000000
2.083333, 6.250000, 0.572214, 0.940726, 1.5578034326021826, 0.1310953858934132, 3.3017956493172740, 2.8553159646008219,2.00, 0.0271360000000000
2.083333, 6.666667, 0.557149, 0.935889, 1.5541844850595330, 0.1418930926702854, 3.3024783650246450, 2.8433435996197094,2.00, 0.0271360000000000
2.083333, 7.083333, 0.542198, 0.930465, 1.5507586654484917, 0.1529296579691425, 3.3174899113389733, 2.8361601721810152,2.00, 0.0271360000000000
2.083333, 7.500000, 0.527396, 0.924623, 1.5468949945281141, 0.1639581357080527, 3.3293049763981304, 2.8289995707335578,2.00, 0.0271360000000000
2.083333, 7.916667, 0.512804, 0.918481, 1.5431604257925704, 0.1750163909187314, 3.3511862732900259, 2.8183408087207087,2.00, 0.0271360000000000
2.083333, 8.333333, 0.498477, 0.912140, 1.5399011248494570, 0.1861711177781644, 3.3706081682620654, 2.8058291540488369,2.00, 0.0271360000000000
2.083333, 8.750000, 0.484434, 0.905703, 1.5366276385711577, 0.1974282766932945, 3.3889333974777962, 2.7962546354811124,2.00, 0.0271360000000000
2.083333, 9.166667, 0.470721, 0.899236, 1.5340313770937397, 0.2097815025094993, 3.4086509546304051, 2.7830827911367710,2.00, 0.0271360000000000
2.083333, 9.583333, 0.457377, 0.892781, 1.5319765831604248, 0.2236020688485850, 3.4042859887866714, 2.7711010864668308,2.00, 0.0271360000000000
2.083333, 10.000000, 0.444410, 0.886364, 1.5286062673194869, 0.2392819551403961, 3.3964726223638539, 2.7627738907183361,2.00, 0.0271360000000000
2.500000, 1.666667, 0.814531, 0.597288, 1.5694006798668105, 0.0917500952462813, 3.1749913887757653, 2.9726179015101781,4.00, 0.0271360000000000
2.500000, 2.083333, 0.770368, 0.653231, 1.5691058411208170, 0.0880399881574339, 3.1976882044012735, 2.9492870843793693,3.00, 0.0271360000000000
2.500000, 2.500000, 0.737948, 0.721836, 1.5689055722079457, 0.0853999528904295, 3.2037864618473302, 2.9312419787866677,3.00, 0.0271360000000000
2.500000, 2.916667, 0.714924, 0.786654, 1.5686060260734167, 0.0840602154237803, 3.1882447146701862, 2.9128404470794265,2.00, 0.0271360000000000
2.500000, 3.333333, 0.697761, 0.839804, 1.5680363743966839, 0.0843639683690793, 3.1963786037399999, 2.9006706947558296,2.00, 0.0271360000000000
2.500000, 3.750000, 0.683720, 0.880199, 1.5676533309909026, 0.0864924880385980, 3.2084320230799874, 2.8951645515648647,2.00, 0.0271360000000000
2.500000, 4.166667, 0.671195, 0.908488, 1.5665134075580855, 0.0902187295799184, 3.2350095326565262, 2.8974919075590622,2.00, 0.0271360000000000
2.500000, 4.583333, 0.659352, 0.926292, 1.5656504698343603, 0.0953487022439794, 3.2347978009367231, 2.8960287407331342,2.00, 0.0271360000000000
2.500000, 5.000000, 0.647768, 0.935908, 1.5641928941952608, 0.1016010541520229, 3.2394565516099294, 2.8933538740859150,2.00, 0.0271360000000000
2.500000, 5.416667, 0.636270, 0.940042, 1.5629081311673099, 0.1088173877062446, 3.2534416043846526, 2.8893581168971063,2.00, 0.0271360000000000
2.500000, 5.833333, 0.624795, 0.940849, 1.5612570047058654, 0.1167748542034128, 3.2567911533320806, 2.8861171916406745,2.00, 0.0271360000000000
2.500000, 6.250000, 0.613312, 0.939776, 1.5590998324265226, 0.1252545236883310, 3.2423489003839467, 2.8794038274090825,2.00, 0.0271360000000000
2.500000, 6.666667, 0.601835, 0.937577, 1.5556032223465639, 0.1339241781369551, 3.2246529391439003, 2.8797888195284091,2.00, 0.0271360000000000
2.500000, 7.083333, 0.590391, 0.934665, 1.5524908409897578, 0.1427275128693355, 3.2102986577618675, 2.8787099056530465,2.00, 0.0271360000000000
2.500000, 7.500000, 0.578982, 0.931307, 1.5488490334625356, 0.1513956984830671, 3.2044021680272152, 2.8807515261258554,2.00, 0.0271360000000000
2.500000, 7.916667, 0.567635, 0.927651, 1.5450243933001293, 0.1598631346618574, 3.1918077146505897, 2.8845468236804592,2.00, 0.0271360000000000
2.500000, 8.333333, 0.556376, 0.923795, 1.5421835383865814, 0.1682812857780560, 3.1787618538492675, 2.8871865144254740,2.00, 0.0271360000000000
2.500000, 8.750000, 0.545204, 0.919820, 1.5394598496017262, 0.1765143817354489, 3.1578887271220974, 2.8850775103673882,2.00, 0.0271360000000000
2.500000, 9.166667, 0.534142, 0.915753, 1.5368386973618060, 0.1845591810062161, 3.1343325568200746, 2.8857751616855807,2.00, 0.0271360000000000
2.500000, 9.583333, 0.523211, 0.911607, 1.5354192134419051, 0.1926914755046566, 3.1290022610292163, 2.8821086437586976,2.00, 0.0271360000000000
2.500000, 10.000000, 0.512408, 0.907389, 1.5344301502300801, 0.2009344317699487, 3.1274767742821288, 2.8800129745793552,2.00, 0.0271360000000000
2.916667, 1.666667, 0.819838, 0.492050, 1.5700855717344000, 0.1003597184977545, 3.1916582556461748, 2.9553597224660511,4.00, 0.0271360000000000
2.916667, 2.083333, 0.777893, 0.537883, 1.5699519191570799, 0.0976181644352585, 3.1835242780335409, 2.9385771576865598,4.00, 0.0271360000000000
2.916667, 2.500000, 0.746981, 0.604514, 1.5694990259128265, 0.0954062426431793, 3.1763697844199257, 2.9165293322239312,3.00, 0.0271360000000000
2.916667, 2.916667, 0.725016, 0.678613, 1.5688694083988595, 0.0940683569357432, 3.1916218387914479, 2.8955957188264052,3.00, 0.0271360000000000
2.916667, 3.333333, 0.708869, 0.746510, 1.5674452766325420, 0.0939902018776395, 3.2006715306264644, 2.8839856307994007,2.00, 0.0271360000000000
2.916667, 3.750000, 0.696029, 0.803347, 1.5665762102025178, 0.0954365813486018, 3.2185234809561578, 2.8819950586309888,2.00, 0.0271360000000000
2.916667, 4.166667, 0.684945, 0.848351, 1.5656152457152133, 0.0982348967706293, 3.2213928060237431, 2.8878865208443161,2.00, 0.0271360000000000
2.916667, 4.583333, 0.674761, 0.881589, 1.5641525260442126, 0.1021988111878604, 3.2235420820340477, 2.8928799114280452,2.00, 0.0271360000000000
2.916667, 5.000000, 0.665013, 0.904151, 1.5625138117447110, 0.1070904328254719, 3.2249366532731463, 2.8980932963745043,2.00, 0.0271360000000000
2.916667, 5.416667, 0.655482, 0.917976, 1.5608657652956086, 0.1128350893318237, 3.2180954383641698, 2.8989583245053070,2.00, 0.0271360000000000
2.916667, 5.833333, 0.646069, 0.925510, 1.5583094751750273, 0.1191267586410999, 3.2305766049422155, 2.9035756545761586,2.00, 0.0271360000000000
2.916667, 6.250000, 0.636708, 0.928945, 1.5557879471702611, 0.1258008865023942, 3.2192468882364951, 2.9037048372779060,2.00, 0.0271360000000000
2.916667, 6.666667, 0.627389, 0.929910, 1.5527266095976602, 0.1327982978994922, 3.2083749216998751, 2.9031830927717550,2.00, 0.0271360000000000
2.916667, 7.083333, 0.618113, 0.929379, 1.5497721168016383, 0.1399283572035748, 3.1765694884481750, 2.9054294848018216,2.00, 0.0271360000000000
2.916667, 7.500000, 0.608865, 0.927949, 1.5466116509148700, 0.1469647408869897, 3.1424636390449341, 2.9054645090532301,2.00, 0.0271360000000000
2.916667, 7.916667, 0.599656, 0.925949, 1.5442103119824087, 0.1539608982816653, 3.0953490206890080, 2.9056050643535678,2.00, 0.0271360000000000
2.916667, 8.333333, 0.590496, 0.923567, 1.5408505312969152, 0.1605569911663792, 3.0551919258175522, 2.9083787738275380,2.00, 0.0271360000000000
2.916667, 8.750000, 0.581375, 0.920941, 1.5393101204830235, 0.1672526990605586, 3.0266676230089220, 2.9109077680686748,2.00, 0.0271360000000000
2.916667, 9.166667, 0.572304, 0.918123, 1.5374581913330927, 0.1736809708683639, 2.9956048081886717, 2.9113833689761153,2.00, 0.0271360000000000
2.916667, 9.583333, 0.563296, 0.915137, 1.5362874231828849, 0.1800873267263031, 2.9567325757822212, 2.9050788654852409,2.00, 0.0271360000000000
2.916667, 10.000000, 0.554342, 0.912005, 1.5357961536136253, 0.1864872538518639, 2.9283623817870432, 2.8995909740756791,2.00, 0.0271360000000000
3.333333, 1.666667, 0.824416, 0.412915, 1.5707000778869304, 0.1118381360003354, 3.1981005940558069, 2.9381798270309005,4.00, 0.0271360000000000
3.333333, 2.083333, 0.784224, 0.448995, 1.5702407906514384, 0.1096706806186561, 3.1881058751057920, 2.9180898285721688,2.00, 0.0271360000000000
3.333333, 2.500000, 0.754299, 0.506498, 1.5697162139983460, 0.1078927645445757, 3.1926041086754071, 2.8976953783827883,2.00, 0.0271360000000000
3.333333, 2.916667, 0.732822, 0.577289, 1.5686924379550180, 0.1065708656896643, 3.1987857669226885, 2.8765907716486536,2.00, 0.0271360000000000
3.333333, 3.333333, 0.717055, 0.649731, 1.5671693225530112, 0.1062772241067469, 3.2181755117791884, 2.8703762238902222,2.00, 0.0271360000000000
3.333333, 3.750000, 0.704710, 0.715652, 1.5660335723106147, 0.1070577134784331, 3.2345821889060371, 2.8671263120609818,2.00, 0.0271360000000000
3.333333, 4.166667, 0.694307, 0.771876, 1.5638437199662536, 0.1090217725931933, 3.2186758207570643, 2.8770378945457464,2.00, 0.0271360000000000
3.333333, 4.583333, 0.684977, 0.817792, 1.5625293095679209, 0.1120370669690637, 3.2027056687672268, 2.8843778270159821,2.00, 0.0271360000000000
3.333333, 5.000000, 0.676223, 0.853822, 1.5610630254644404, 0.1159325932483138, 3.2000616964951791, 2.8942355519961427,2.00, 0.0271360000000000
3.333333, 5.416667, 0.667794, 0.879773, 1.5588739985108493, 0.1204597710111653, 3.2052279376272992, 2.8974706224213067,2.00, 0.0271360000000000
3.333333, 5.833333, 0.659558, 0.897235, 1.5560981245787395, 0.1254211882919049, 3.2061065404270659, 2.9005724977175280,2.00, 0.0271360000000000
3.333333, 6.250000, 0.651430, 0.908285, 1.5532406956951901, 0.1308045389291205, 3.1948624982196687, 2.9017017454703216,2.00, 0.0271360000000000
3.333333, 6.666667, 0.643378, 0.914622, 1.5502732290162970, 0.1363380317653846, 3.1731679651508409, 2.9051681262050906,2.00, 0.0271360000000000
3.333333, 7.083333, 0.635390, 0.917808, 1.5476229882350105, 0.1419678784755571, 3.1381064311347866, 2.9084710385401120,2.00, 0.0271360000000000
3.333333, 7.500000, 0.627441, 0.919090, 1.5448960824114422, 0.1475370068363704, 3.0977902762300911, 2.9136462436448074,2.00, 0.0271360000000000
3.333333, 7.916667, 0.619533, 0.919179, 1.5431738505527561, 0.1532227282690642, 3.0435847763792152, 2.9134409788762419,2.00, 0.0271360000000000
3.333333, 8.333333, 0.611669, 0.918494, 1.5413358240377879, 0.1587753151364618, 2.9728994070998929, 2.9108785076386283,2.00, 0.0271360000000000
3.333333, 8.750000, 0.603835, 0.917292, 1.5396722803701397, 0.1642650710326897, 2.9108221472867166, 2.9109882873085371,1.00, 0.0271360000000000
3.333333, 9.166667, 0.596038, 0.915689, 1.5388189906397967, 0.1697650806412156, 2.8583446571495212, 2.9095820428805061,1.00, 0.0271360000000000
3.333333, 9.583333, 0.588285, 0.913751, 1.5381117656573668, 0.1751266567260508, 2.8237890849782561, 2.9046726611150104,1.00, 0.0271360000000000
3.333333, 10.000000, 0.580567, 0.911547, 1.5372762556382893, 0.1802901397345382, 2.7900808150599059, 2.8923519311212562,1.00, 0.0271360000000000
3.750000, 1.666667, 0.828382, 0.354343, 1.5721661893895726, 0.1275688356278949, 3.2126701029105753, 2.9153972712209808,2.00, 0.0271360000000000
3.750000, 2.083333, 0.789760, 0.383025, 1.5710760929013807, 0.1250651769473929, 3.1994866829009583, 2.8923705454684496,2.00, 0.0271360000000000
3.750000, 2.500000, 0.760669, 0.431176, 1.5691169401925527, 0.1225117028366866, 3.1998641008991102, 2.8755840037141667,2.00, 0.0271360000000000
3.750000, 2.916667, 0.739511, 0.494680, 1.5686092691839113, 0.1206082318440304, 3.2055450431256092, 2.8593617620080694,2.00, 0.0271360000000000
3.750000, 3.333333, 0.723890, 0.564347, 1.5669616284221140, 0.1198292880569590, 3.2174918633264507, 2.8515675081190546,2.00, 0.0271360000000000
3.750000, 3.750000, 0.711737, 0.632970, 1.5652899379392216, 0.1201713697050698, 3.2115072557590247, 2.8551901243685922,2.00, 0.0271360000000000
3.750000, 4.166667, 0.701648, 0.695225, 1.5633602359778001, 0.1215006967507115, 3.1875899531350718, 2.8594382396053089,2.00, 0.0271360000000000
3.750000, 4.583333, 0.692758, 0.748977, 1.5615711936389605, 0.1236802528645667, 3.1734670021986751, 2.8675270886028179,2.00, 0.0271360000000000
3.750000, 5.000000, 0.684546, 0.794260, 1.5599708088816548, 0.1265634428744332, 3.1649851345008733, 2.8716753987297454,2.00, 0.0271360000000000
3.750000, 5.416667, 0.676734, 0.830661, 1.5573070278974508, 0.1299755328893604, 3.1661638150941500, 2.8807485010173712,2.00, 0.0271360000000000
3.750000, 5.833333, 0.669166, 0.858145, 1.5547866259127112, 0.1338421653970498, 3.1645754585440153, 2.8864734337796984,2.00, 0.0271360000000000
3.750000, 6.250000, 0.661739, 0.878102, 1.5517901250050532, 0.1380327005950508, 3.1544162004428684, 2.8873552034131755,2.00, 0.0271360000000000
3.750000, 6.666667, 0.654409, 0.891833, 1.5487630306151352, 0.1423809752486308, 3.1185359580175800, 2.8920632081380804,2.00, 0.0271360000000000
3.750000, 7.083333, 0.647155, 0.900611, 1.5467213466124861, 0.1469639029307026, 3.0765719189006471, 2.8967026338070032,2.00, 0.0271360000000000
3.750000, 7.500000, 0.639946, 0.905810, 1.5444395517557428, 0.1515126550376075, 3.0261666382656549, 2.8988410063465868,2.00, 0.0271360000000000
3.750000, 7.916667, 0.632780, 0.908661, 1.5425206598470012, 0.1561366791145962, 2.9756638206156407, 2.9002103747686583,1.00, 0.0271360000000000
3.750000, 8.333333, 0.625659, 0.910002, 1.5410416821546824, 0.1607765295382113, 2.9104822083575557, 2.8982492443532752,1.00, 0.0271360000000000
3.750000, 8.750000, 0.618566, 0.910341, 1.5403165394715497, 0.1655369508052737, 2.8377141292377228, 2.8960488355379952,1.00, 0.0271360000000000
3.750000, 9.166667, 0.611508, 0.909976, 1.5397470915953031, 0.1702317483330971, 2.7820233470618985, 2.8931900133436983,1.00, 0.0271360000000000
3.750000, 9.583333, 0.604492, 0.909105, 1.5391455682827040, 0.1747979555814820, 2.7447456496938134, 2.8899501500228930,1.00, 0.0271360000000000
3.750000, 10.000000, 0.597507, 0.907852, 1.5388203414530912, 0.1792756302320019, 2.7177146045280498, 2.8852472053400953,1.00, 0.0271360000000000
4.166667, 1.666667, 0.831874, 0.309990, 1.5728779958275432, 0.1462488128432388, 3.2041448259627896, 2.8845925698574182,2.00, 0.0271360000000000
4.166667, 2.083333, 0.794717, 0.333507, 1.5711706023911594, 0.1423043939904770, 3.2098019622483176, 2.8667573201317054,2.00, 0.0271360000000000
4.166667, 2.500000, 0.766435, 0.373479, 1.5692116535779697, 0.1388603871756239, 3.2096410483439435, 2.8507828655378407,3.00, 0.0271360000000000
4.166667, 2.916667, 0.745584, 0.428463, 1.5682765977735031, 0.1365682495273307, 3.2012120983298558, 2.8403673422959876,3.00, 0.0271360000000000
4.166667, 3.333333, 0.730059, 0.492265, 1.5668563155325759, 0.1350405216818761, 3.1927708896700753, 2.8352006871509130,3.00, 0.0271360000000000
4.166667, 3.750000, 0.717984, 0.558472, 1.5651105453073195, 0.1345879848729825, 3.1656372377253801, 2.8364935684867594,2.00, 0.0271360000000000
4.166667, 4.166667, 0.708037, 0.622588, 1.5636804541558553, 0.1350162448901331, 3.1381824763911101, 2.8406186972671441,2.00, 0.0271360000000000
4.166667, 4.583333, 0.699371, 0.680831, 1.5610341327589314, 0.1362253137949336, 3.1222297112065482, 2.8462051749348052,2.00, 0.0271360000000000
4.166667, 5.000000, 0.691450, 0.732507, 1.5585964692917735, 0.1380992789707489, 3.1115326933386891, 2.8512570152051571,2.00, 0.0271360000000000
4.166667, 5.416667, 0.683975, 0.776633, 1.5562466109359057, 0.1405816731950809, 3.1048213082902762, 2.8611506531178148,2.00, 0.0271360000000000
4.166667, 5.833333, 0.676774, 0.812304, 1.5533083422822718, 0.1435155464342372, 3.0927980029813069, 2.8650538626506430,2.00, 0.0271360000000000
4.166667, 6.250000, 0.669729, 0.840238, 1.5501833312565880, 0.1467364673411040, 3.0785495731308212, 2.8681661785799215,2.00, 0.0271360000000000
4.166667, 6.666667, 0.662788, 0.861415, 1.5483869123862111, 0.1503179473280639, 3.0542208799952588, 2.8729411541842369,2.00, 0.0271360000000000
4.166667, 7.083333, 0.655923, 0.876755, 1.5465266216105549, 0.1540267160371991, 3.0113351462600431, 2.8815513168224500,2.00, 0.0271360000000000
4.166667, 7.500000, 0.649101, 0.887340, 1.5447935709871301, 0.1578362595242149, 2.9569917665314978, 2.8863241206832653,2.00, 0.0271360000000000
4.166667, 7.916667, 0.642320, 0.894115, 1.5430671124228996, 0.1617183211161714, 2.8990820725166748, 2.8847443594697242,1.00, 0.0271360000000000
4.166667, 8.333333, 0.635582, 0.898253, 1.5415915465224863, 0.1656691137420731, 2.8450448643301067, 2.8839099423565453,1.00, 0.0271360000000000
4.166667, 8.750000, 0.628871, 0.900652, 1.5411142814221808, 0.1697812743361614, 2.7817674388100979, 2.8820885464271275,1.00, 0.0271360000000000
4.166667, 9.166667, 0.622195, 0.901830, 1.5402434619960415, 0.1737899795444823, 2.7105668911096417, 2.8770040106006958,1.00, 0.0271360000000000
4.166667, 9.583333, 0.615562, 0.902130, 1.5401841501274409, 0.1778857622669753, 2.6760542691603981, 2.8705126365374434,1.00, 0.0271360000000000
4.166667, 10.000000, 0.608961, 0.901798, 1.5394207475425823, 0.1817824418627234, 2.6524890612008849, 2.8629466775376948,1.00, 0.0271360000000000
4.583333, 1.666667, 0.835155, 0.276365, 1.5727325516265431, 0.1666283969448176, 3.1915152641596012, 2.8556727712672836,3.00, 0.0271360000000000
4.583333, 2.083333, 0.799334, 0.296430, 1.5707479708343013, 0.1614084508351225, 3.1884477376715186, 2.8417973576623128,3.00, 0.0271360000000000
4.583333, 2.500000, 0.771830, 0.330023, 1.5683100147494382, 0.1571533231983299, 3.1746342639850376, 2.8247863946001499,3.00, 0.0271360000000000
4.583333, 2.916667, 0.751305, 0.376706, 1.5684846631408100, 0.1537842823788269, 3.1504904462841372, 2.8165702724733470,2.00, 0.0271360000000000
4.583333, 3.333333, 0.735876, 0.433221, 1.5671614680772483, 0.1512931138371254, 3.1347704659043174, 2.8136754896425180,2.00, 0.0271360000000000
4.583333, 3.750000, 0.723835, 0.494555, 1.5648437831710309, 0.1499222925161335, 3.1102998872523133, 2.8162209696687648,2.00, 0.0271360000000000
4.583333, 4.166667, 0.713944, 0.556423, 1.5626601144359957, 0.1493853174357586, 3.0829122926462227, 2.8164432810577815,2.00, 0.0271360000000000
4.583333, 4.583333, 0.705379, 0.615745, 1.5604922304832549, 0.1498259348286993, 3.0494805185590410, 2.8176097051134685,2.00, 0.0271360000000000
4.583333, 5.000000, 0.697599, 0.670691, 1.5574527463281145, 0.1507821284965598, 3.0224170495095515, 2.8252290286207815,2.00, 0.0271360000000000
4.583333, 5.416667, 0.690294, 0.719922, 1.5541543101140041, 0.1522921941396844, 3.0106227066202913, 2.8321095507711509,2.00, 0.0271360000000000
4.583333, 5.833333, 0.683279, 0.761978, 1.5518836246469643, 0.1544565584575676, 2.9979970911013019, 2.8414078289320583,2.00, 0.0271360000000000
4.583333, 6.250000, 0.676422, 0.796654, 1.5491513269625574, 0.1568593115667798, 2.9827805184648684, 2.8474926925785304,2.00, 0.0271360000000000
4.583333, 6.666667, 0.669667, 0.824382, 1.5466748995442734, 0.1595732186006084, 2.9607119130862998, 2.8578528729077384,2.00, 0.0271360000000000
4.583333, 7.083333, 0.662984, 0.845947, 1.5454970534367785, 0.1626819043044564, 2.9233119506300334, 2.8628794855105753,2.00, 0.0271360000000000
4.583333, 7.500000, 0.656336, 0.862219, 1.5442096781471608, 0.1659049579649725, 2.8705702616514239, 2.8663967327182731,2.00, 0.0271360000000000
4.583333, 7.916667, 0.649725, 0.873826, 1.5428833929188699, 0.1692216046653841, 2.8205205092701076, 2.8642063496553600,2.00, 0.0271360000000000
4.583333, 8.333333, 0.643151, 0.881728, 1.5415562979279354, 0.1726164624418996, 2.7679208926717225, 2.8616145269813611,1.00, 0.0271360000000000
4.583333, 8.750000, 0.636603, 0.886974, 1.5404304301688092, 0.1761002719043850, 2.7171235462062837, 2.8563215671927740,1.00, 0.0271360000000000
4.583333, 9.166667, 0.630090, 0.890316, 1.5397864202323102, 0.1797092711094492, 2.6651494688708559, 2.8484469879215073,1.00, 0.0271360000000000
4.583333, 9.583333, 0.623620, 0.892279, 1.5393107349726205, 0.1833770168742251, 2.6271840097410109, 2.8395467781388244,1.00, 0.0271360000000000
4.583333, 10.000000, 0.617185, 0.893201, 1.5398554694321196, 0.1872387977355413, 2.5949355730296109, 2.8266343908655558,1.00, 0.0271360000000000
5.000000, 1.666667, 0.838518, 0.251160, 1.5738520480682980, 0.1897938861713089, 3.1637857561283003, 2.8226229175538102,3.00, 0.0271360000000000
5.000000, 2.083333, 0.803871, 0.268549, 1.5708362372747748, 0.1821520566967142, 3.1409214895060211, 2.8072489365189193,3.00, 0.0271360000000000
5.000000, 2.500000, 0.777063, 0.296810, 1.5695698417372395, 0.1767302230212769, 3.1201746963234354, 2.7981445175465764,3.00, 0.0271360000000000
5.000000, 2.916667, 0.756837, 0.336376, 1.5685879240127525, 0.1723220252782950, 3.0962562551335888, 2.7941025098209340,2.00, 0.0271360000000000
5.000000, 3.333333, 0.741489, 0.385452, 1.5663882889532033, 0.1689384491189790, 3.0616911406281622, 2.7868929084798264,2.00, 0.0271360000000000
5.000000, 3.750000, 0.729446, 0.440633, 1.5643372396714326, 0.1666293069815277, 3.0207461757776968, 2.7853361178420903,2.00, 0.0271360000000000
5.000000, 4.166667, 0.719548, 0.498487, 1.5622434838230996, 0.1650186707968883, 2.9942805976301514, 2.7874031514667159,2.00, 0.0271360000000000
5.000000, 4.583333, 0.711001, 0.556022, 1.5596756664037046, 0.1643177887020795, 2.9722602081064702, 2.7897732657749517,2.00, 0.0271360000000000
5.000000, 5.000000, 0.703264, 0.611482, 1.5572802289056848, 0.1646364759640244, 2.9601749734176557, 2.7899448143514398,2.00, 0.0271360000000000
5.000000, 5.416667, 0.696022, 0.662921, 1.5539235665342850, 0.1654680177205891, 2.9486123852950565, 2.7967605235920687,2.00, 0.0271360000000000
5.000000, 5.833333, 0.689080, 0.708717, 1.5515566821099389, 0.1669786990264308, 2.9216217387733927, 2.8063573122727172,2.00, 0.0271360000000000
5.000000, 6.250000, 0.682296, 0.748328, 1.5488453293084339, 0.1688369920444905, 2.9050477012853699, 2.8138090788534367,2.00, 0.0271360000000000
5.000000, 6.666667, 0.675610, 0.781517, 1.5461695313501864, 0.1709319768866402, 2.8848172147388933, 2.8230824179420653,2.00, 0.0271360000000000
5.000000, 7.083333, 0.668988, 0.808540, 1.5444740091527420, 0.1733848608788491, 2.8473500028191556, 2.8264739892954673,2.00, 0.0271360000000000
5.000000, 7.500000, 0.662395, 0.830010, 1.5429648295979868, 0.1760463058933534, 2.8038790874002602, 2.8258215658931740,2.00, 0.0271360000000000
5.000000, 7.916667, 0.655832, 0.846503, 1.5421195598042772, 0.1789631995722580, 2.7498891538817496, 2.8209705091112576,2.00, 0.0271360000000000
5.000000, 8.333333, 0.649304, 0.858675, 1.5398142122109895, 0.1818163107488262, 2.7039626062798297, 2.8211706780870500,1.00, 0.0271360000000000
5.000000, 8.750000, 0.642800, 0.867448, 1.5386920780691349, 0.1850409622878431, 2.6367261868027763, 2.8147984042322958,1.00, 0.0271360000000000
5.000000, 9.166667, 0.636331, 0.873579, 1.5382203422372709, 0.1885445592774584, 2.5950275765361521, 2.8079843952389210,1.00, 0.0271360000000000
5.000000, 9.583333, 0.629908, 0.877722, 1.5381131854787788, 0.1922350057600856, 2.5604342983094179, 2.8004586295417560,1.00, 0.0271360000000000
5.000000, 10.000000, 0.623523, 0.880408, 1.5385581985958472, 0.1961221350648511, 2.5324631827041455, 2.7885215096947031,1.00, 0.0271360000000000
5.416667, 1.666667, 0.842064, 0.232668, 1.5738915615563900, 0.2156768066988239, 3.1139869979055437, 2.7812411184832069,3.00, 0.0271360000000000
5.416667, 2.083333, 0.808445, 0.247901, 1.5717876783520193, 0.2069546916944653, 3.0846879217793921, 2.7746301969655658,3.00, 0.0271360000000000
5.416667, 2.500000, 0.782241, 0.271908, 1.5694815732178442, 0.1993226848938119, 3.0631764267982491, 2.7689830808318963,2.00, 0.0271360000000000
5.416667, 2.916667, 0.762262, 0.305341, 1.5682313764894349, 0.1931645757909201, 3.0274418878795673, 2.7564525431094675,3.00, 0.0271360000000000
5.416667, 3.333333, 0.746950, 0.347364, 1.5664269083306706, 0.1889651880502138, 2.9914203876349861, 2.7523648842059059,2.00, 0.0271360000000000
5.416667, 3.750000, 0.734854, 0.396150, 1.5632865865262064, 0.1855698878280494, 2.9562146659790569, 2.7505107415469925,2.00, 0.0271360000000000
5.416667, 4.166667, 0.724887, 0.449075, 1.5614733741546591, 0.1831487992280630, 2.9378957382747179, 2.7518823524290514,2.00, 0.0271360000000000
5.416667, 4.583333, 0.716287, 0.503468, 1.5600266428215799, 0.1819926067382394, 2.9247627711214061, 2.7541363289884360,2.00, 0.0271360000000000
5.416667, 5.000000, 0.708521, 0.557346, 1.5583983597905389, 0.1816498456024913, 2.9096578617411146, 2.7584924600425875,2.00, 0.0271360000000000
5.416667, 5.416667, 0.701267, 0.608849, 1.5559482322768343, 0.1821200107440922, 2.8853263578668504, 2.7637435253299905,2.00, 0.0271360000000000
5.416667, 5.833333, 0.694323, 0.656004, 1.5533213383248314, 0.1830188304146181, 2.8704490420756108, 2.7712308907471295,2.00, 0.0271360000000000
5.416667, 6.250000, 0.687540, 0.698147, 1.5501251226905650, 0.1842075344478465, 2.8510656709214479, 2.7778620550037338,2.00, 0.0271360000000000
5.416667, 6.666667, 0.680852, 0.734767, 1.5470341411103263, 0.1858378057672234, 2.8283015449402722, 2.7830576971680143,2.00, 0.0271360000000000
5.416667, 7.083333, 0.674227, 0.765830, 1.5458168004547315, 0.1880200241834367, 2.7997284772258606, 2.7856245297093372,2.00, 0.0271360000000000
5.416667, 7.500000, 0.667627, 0.791558, 1.5445848775892854, 0.1905550644562262, 2.7517875228449449, 2.7876113653385843,2.00, 0.0271360000000000
5.416667, 7.916667, 0.661055, 0.812267, 1.5436339262217023, 0.1934691155369833, 2.6942974680992506, 2.7842546455454324,2.00, 0.0271360000000000
5.416667, 8.333333, 0.654519, 0.828574, 1.5410015801707670, 0.1965093830217897, 2.6323952678731519, 2.7788500377073970,2.00, 0.0271360000000000
5.416667, 8.750000, 0.648009, 0.841092, 1.5396234621983609, 0.1999280499096492, 2.5715498720454910, 2.7712381804789015,1.00, 0.0271360000000000
5.416667, 9.166667, 0.641537, 0.850411, 1.5391936657946292, 0.2036239870748650, 2.5247442455641904, 2.7609465288768136,1.00, 0.0271360000000000
5.416667, 9.583333, 0.635115, 0.857251, 1.5395636384490672, 0.2075384550748054, 2.4812332019484398, 2.7489597554791283,1.00, 0.0271360000000000
5.416667, 10.000000, 0.628736, 0.862175, 1.5401437408508494, 0.2115795864965261, 2.4451292616604801, 2.7370259932511232,1.00, 0.0271360000000000
5.833333, 1.666667, 0.846000, 0.219205, 1.5751390250630670, 0.2456265210015745, 3.0625577653331097, 2.7412178059610111,3.00, 0.0271360000000000
5.833333, 2.083333, 0.813160, 0.232771, 1.5736238529260174, 0.2351839300794508, 3.0452895807574301, 2.7390707057381376,3.00, 0.0271360000000000
5.833333, 2.500000, 0.787420, 0.253397, 1.5714011613565759, 0.2260772305898345, 3.0157664627795802, 2.7281385322478782,2.00, 0.0271360000000000
5.833333, 2.916667, 0.767613, 0.281727, 1.5707880614620464, 0.2189072268493013, 2.9799467759557006, 2.7214014155681405,2.00, 0.0271360000000000
5.833333, 3.333333, 0.752284, 0.317483, 1.5679558812257250, 0.2127077069559414, 2.9516354064025796, 2.7199112190512262,2.00, 0.0271360000000000
5.833333, 3.750000, 0.740079, 0.360016, 1.5665462374656831, 0.2085682029622276, 2.9227771372066327, 2.7181264340006530,2.00, 0.0271360000000000
5.833333, 4.166667, 0.729984, 0.407535, 1.5645133207985895, 0.2058939564849594, 2.8980453645495103, 2.7197966178101378,3.00, 0.0271360000000000
5.833333, 4.583333, 0.721273, 0.457836, 1.5630028246149710, 0.2048073938208445, 2.8825282164539017, 2.7221790544852640,3.00, 0.0271360000000000
5.833333, 5.000000, 0.713417, 0.509056, 1.5617215448176882, 0.2047202918159771, 2.8684336873646554, 2.7247243528536607,3.00, 0.0271360000000000
5.833333, 5.416667, 0.706095, 0.559090, 1.5592463157285090, 0.2053619952941275, 2.8601023368045189, 2.7294862956681181,3.00, 0.0271360000000000
5.833333, 5.833333, 0.699098, 0.605929, 1.5562752109255440, 0.2061956532186354, 2.8486317939458439, 2.7359879299846566,2.00, 0.0271360000000000
5.833333, 6.250000, 0.692270, 0.648698, 1.5534686566776397, 0.2074457951552463, 2.8205966940124942, 2.7408568841576133,2.00, 0.0271360000000000
5.833333, 6.666667, 0.685543, 0.687024, 1.5513983444700683, 0.2090823541363930, 2.7919393820631591, 2.7460007190245648,2.00, 0.0271360000000000
5.833333, 7.083333, 0.678883, 0.720613, 1.5499445277489476, 0.2114913108765646, 2.7535058933385601, 2.7455513332536876,2.00, 0.0271360000000000
5.833333, 7.500000, 0.672252, 0.749402, 1.5489811465202485, 0.2144244619177469, 2.7151092502975542, 2.7451807282046712,2.00, 0.0271360000000000
5.833333, 7.916667, 0.665656, 0.773362, 1.5484556214075085, 0.2178033004965475, 2.6658564399310456, 2.7395186545984243,2.00, 0.0271360000000000
5.833333, 8.333333, 0.659103, 0.792886, 1.5469312600455623, 0.2213590251269298, 2.6094526063675625, 2.7342415480202269,2.00, 0.0271360000000000
5.833333, 8.750000, 0.652582, 0.808669, 1.5456993413200284, 0.2251021455303517, 2.5649043483362259, 2.7245442523018246,1.00, 0.0271360000000000
5.833333, 9.166667, 0.646108, 0.821231, 1.5444233959859277, 0.2289280673334899, 2.5310423687157213, 2.7158475784466973,1.00, 0.0271360000000000
5.833333, 9.583333, 0.639693, 0.830970, 1.5442224611485498, 0.2329632050747162, 2.4946835488680135, 2.7005439009457022,1.00, 0.0271360000000000
5.833333, 10.000000, 0.633326, 0.838425, 1.5442488137097465, 0.2370644491455165, 2.4912609085169071, 2.6931877818135361,1.00, 0.0271360000000000
6.250000, 1.666667, 0.850538, 0.209907, 1.5780255484519150, 0.2756298493365827, 3.0227037656450726, 2.7017209546202152,2.00, 0.0271360000000000
6.250000, 2.083333, 0.818202, 0.222116, 1.5754849552905881, 0.2655225553648535, 3.0000944169792385, 2.6972500851704355,2.00, 0.0271360000000000
6.250000, 2.500000, 0.792725, 0.239997, 1.5747752861443589, 0.2560606058328551, 2.9778645368684145, 2.6905215422157367,2.00, 0.0271360000000000
6.250000, 2.916667, 0.772970, 0.264242, 1.5752055503762727, 0.2480248913906943, 2.9467520317571445, 2.6882220029590584,2.00, 0.0271360000000000
6.250000, 3.333333, 0.757546, 0.294824, 1.5731258243247461, 0.2424732106309979, 2.9305456597444048, 2.6899803921861083,3.00, 0.0271360000000000
6.250000, 3.750000, 0.745177, 0.331609, 1.5712789789378392, 0.2383629215138507, 2.9012836820175956, 2.6869229693183154,3.00, 0.0271360000000000
6.250000, 4.166667, 0.734906, 0.373547, 1.5692036528279374, 0.2364735534168793, 2.8761654472050120, 2.6925474190843350,3.00, 0.0271360000000000
6.250000, 4.583333, 0.726036, 0.418923, 1.5650108707235835, 0.2360208470586567, 2.8669941981299418, 2.6930743871572616,3.00, 0.0271360000000000
6.250000, 5.000000, 0.718048, 0.466335, 1.5620414016374218, 0.2366872625764221, 2.8500476049509631, 2.6941598152864543,3.00, 0.0271360000000000
6.250000, 5.416667, 0.710619, 0.513821, 1.5592240669870119, 0.2379718839515179, 2.8308263999465821, 2.6965193350705232,3.00, 0.0271360000000000
6.250000, 5.833333, 0.703538, 0.559305, 1.5563041211455872, 0.2395217526814035, 2.8053345105479859, 2.6995631066531014,3.00, 0.0271360000000000
6.250000, 6.250000, 0.696643, 0.601669, 1.5535861654459908, 0.2411552873953519, 2.7769751277355863, 2.6980685990271911,3.00, 0.0271360000000000
6.250000, 6.666667, 0.689866, 0.640336, 1.5507660179631158, 0.2428989941921826, 2.7462325925506108, 2.6958882414991554,3.00, 0.0271360000000000
6.250000, 7.083333, 0.683171, 0.675132, 1.5500078941650526, 0.2447363233181678, 2.7130069752516492, 2.6907823520859400,3.00, 0.0271360000000000
6.250000, 7.500000, 0.676519, 0.705862, 1.5501974054461098, 0.2469581390346199, 2.6718926430654903, 2.6862931868220397,3.00, 0.0271360000000000
6.250000, 7.916667, 0.669916, 0.732324, 1.5490611457031846, 0.2495097560611539, 2.6331409055245127, 2.6808720062110867,2.00, 0.0271360000000000
6.250000, 8.333333, 0.663371, 0.754549, 1.5482931067008532, 0.2528122699891751, 2.5944222453728463, 2.6711825608645574,2.00, 0.0271360000000000
6.250000, 8.750000, 0.656870, 0.773014, 1.5471657348932366, 0.2563747284832388, 2.5699050316533287, 2.6631857869402635,2.00, 0.0271360000000000
6.250000, 9.166667, 0.650428, 0.788177, 1.5468499629331061, 0.2601510887778645, 2.5456041806539678, 2.6564655221786917,2.00, 0.0271360000000000
6.250000, 9.583333, 0.644054, 0.800516, 1.5474708459112412, 0.2641268722786335, 2.5449700384887528, 2.6538413301617911,1.00, 0.0271360000000000
6.250000, 10.000000, 0.637735, 0.810469, 1.5480153846724836, 0.2682150262306551, 2.5627180535903249, 2.6560255501642818,1.00, 0.0271360000000000
6.666667, 1.666667, 0.855640, 0.204068, 1.5814061867598985, 0.3062738734406644, 3.0003473117715331, 2.6642210685324823,3.00, 0.0271360000000000
6.666667, 2.083333, 0.823665, 0.215082, 1.5782197263094684, 0.2968633708544531, 2.9799424334262428, 2.6615177789080597,3.00, 0.0271360000000000
6.666667, 2.500000, 0.798285, 0.230771, 1.5754776240752473, 0.2885212164149648, 2.9521401976242578, 2.6561258550073319,3.00, 0.0271360000000000
6.666667, 2.916667, 0.778449, 0.251758, 1.5741253277915337, 0.2824162125808430, 2.9251702843674852, 2.6515836031196311,3.00, 0.0271360000000000
6.666667, 3.333333, 0.762843, 0.278195, 1.5718478197847094, 0.2773608928146237, 2.9084395191335441, 2.6547363239068202,3.00, 0.0271360000000000
6.666667, 3.750000, 0.750251, 0.310154, 1.5702645542879816, 0.2742262018632510, 2.8898444113094053, 2.6545835218566958,3.00, 0.0271360000000000
6.666667, 4.166667, 0.739760, 0.346994, 1.5665360365276488, 0.2726965274162012, 2.8672004509737685, 2.6578432955061708,3.00, 0.0271360000000000
6.666667, 4.583333, 0.730698, 0.387545, 1.5630211200124424, 0.2727104675806187, 2.8469540255762147, 2.6594641395974534,3.00, 0.0271360000000000
6.666667, 5.000000, 0.722549, 0.430643, 1.5588996988567438, 0.2736484654147049, 2.8257941842917260, 2.6636566823568324,3.00, 0.0271360000000000
6.666667, 5.416667, 0.714993, 0.474588, 1.5560077302505504, 0.2751812145066983, 2.8001280152675361, 2.6669033536639857,3.00, 0.0271360000000000
6.666667, 5.833333, 0.707818, 0.517635, 1.5532821104294392, 0.2772540837841923, 2.7717058977696953, 2.6607752158874813,3.00, 0.0271360000000000
6.666667, 6.250000, 0.700856, 0.558733, 1.5508317083063752, 0.2793141754752758, 2.7532271982448417, 2.6571386708852445,3.00, 0.0271360000000000
6.666667, 6.666667, 0.694038, 0.596997, 1.5487962230925114, 0.2813856279185392, 2.7307939596976398, 2.6537511935061571,3.00, 0.0271360000000000
6.666667, 7.083333, 0.687329, 0.631970, 1.5482603106037465, 0.2832558673374931, 2.7024516473886555, 2.6454330108799069,3.00, 0.0271360000000000
6.666667, 7.500000, 0.680684, 0.663591, 1.5472761729531870, 0.2850506441160888, 2.6650619024186559, 2.6337962236269297,3.00, 0.0271360000000000
6.666667, 7.916667, 0.674110, 0.691551, 1.5448198988132700, 0.2867769446035231, 2.6345078248683400, 2.6291476776238931,2.00, 0.0271360000000000
6.666667, 8.333333, 0.667614, 0.715740, 1.5407331214432547, 0.2887649385083479, 2.6055950675026218, 2.6293748283053473,2.00, 0.0271360000000000
6.666667, 8.750000, 0.661177, 0.736385, 1.5394392877489782, 0.2914174320575764, 2.5823050601122128, 2.6238728439968071,2.00, 0.0271360000000000
6.666667, 9.166667, 0.654811, 0.753785, 1.5387705689309685, 0.2945419022037931, 2.5734990542578098, 2.6222990183621913,2.00, 0.0271360000000000
6.666667, 9.583333, 0.648523, 0.768359, 1.5397616851723492, 0.2982275641460853, 2.5979644081900828, 2.6277448935895045,2.00, 0.0271360000000000
6.666667, 10.000000, 0.642293, 0.780533, 1.5404656276971742, 0.3021246949437062, 2.6051953240508108, 2.6242875376574903,2.00, 0.0271360000000000
7.083333, 1.666667, 0.861353, 0.200946, 1.5820483690012539, 0.3364900135913336, 2.9783441748058572, 2.6256789118532859,3.00, 0.0271360000000000
7.083333, 2.083333, 0.829674, 0.210980, 1.5773232275342681, 0.3281995584075270, 2.9502533810746963, 2.6249439163817083,4.00, 0.0271360000000000
7.083333, 2.500000, 0.804294, 0.225007, 1.5723944986125129, 0.3217763945189959, 2.9229498667726448, 2.6250614402076242,4.00, 0.0271360000000000
7.083333, 2.916667, 0.784270, 0.243535, 1.5679063690144861, 0.3166500693744459, 2.9015470730634005, 2.6230144850054757,4.00, 0.0271360000000000
7.083333, 3.333333, 0.768396, 0.266781, 1.5646832617498798, 0.3136463501287669, 2.8875510895723533, 2.6208534111554633,3.00, 0.0271360000000000
7.083333, 3.750000, 0.755520, 0.294880, 1.5624084281808650, 0.3113079439487106, 2.8584250294971163, 2.6199272547613832,3.00, 0.0271360000000000
7.083333, 4.166667, 0.744767, 0.327422, 1.5604280026820003, 0.3103078460971722, 2.8312047973948311, 2.6182747891516880,3.00, 0.0271360000000000
7.083333, 4.583333, 0.735481, 0.363587, 1.5582469637766936, 0.3101389671043212, 2.8042222172411901, 2.6217450938319318,3.00, 0.0271360000000000
7.083333, 5.000000, 0.727150, 0.402492, 1.5560923302883587, 0.3103923196302845, 2.7843399980466046, 2.6256918187408376,3.00, 0.0271360000000000
7.083333, 5.416667, 0.719456, 0.442742, 1.5525890228556467, 0.3111973776322918, 2.7583834368401625, 2.6239437475368996,3.00, 0.0271360000000000
7.083333, 5.833333, 0.712184, 0.482911, 1.5516743732560634, 0.3128748437912110, 2.7331065104708414, 2.6145248272147841,3.00, 0.0271360000000000
7.083333, 6.250000, 0.705164, 0.521968, 1.5489991564433236, 0.3147460386376405, 2.7159640037801291, 2.6073952222015393,3.00, 0.0271360000000000
7.083333, 6.666667, 0.698324, 0.559032, 1.5469890909769122, 0.3164026339073669, 2.7017788742684252, 2.6007474132427078,3.00, 0.0271360000000000
7.083333, 7.083333, 0.691627, 0.593467, 1.5446096083411043, 0.3179279716391430, 2.6687805751706728, 2.5940671283155781,3.00, 0.0271360000000000
7.083333, 7.500000, 0.685023, 0.625078, 1.5434349325958712, 0.3195917137980201, 2.6306035476934180, 2.5861324579250211,3.00, 0.0271360000000000
7.083333, 7.916667, 0.678515, 0.653593, 1.5407392888828231, 0.3212402229915801, 2.5986131605419795, 2.5841409717970318,2.00, 0.0271360000000000
7.083333, 8.333333, 0.672105, 0.678792, 1.5373274028909898, 0.3229614555513476, 2.5696467640627585, 2.5816838649057288,2.00, 0.0271360000000000
7.083333, 8.750000, 0.665769, 0.700795, 1.5344668667788710, 0.3250797380044895, 2.5598486008182277, 2.5809656624455908,2.00, 0.0271360000000000
7.083333, 9.166667, 0.659514, 0.719799, 1.5331969675645076, 0.3277592751742501, 2.5791379578799773, 2.5830113784308253,2.00, 0.0271360000000000
7.083333, 9.583333, 0.653341, 0.736091, 1.5330789069387285, 0.3309085319690539, 2.6105700750590204, 2.5858012100758048,2.00, 0.0271360000000000
7.083333, 10.000000, 0.647227, 0.750056, 1.5327723569764002, 0.3344881988658942, 2.6263441936289347, 2.5856369164942512,2.00, 0.0271360000000000
7.500000, 1.666667, 0.867731, 0.200243, 1.5838941863853118, 0.3660330158602884, 2.9605390213673908, 2.5866729480726529,4.00, 0.0271360000000000
7.500000, 2.083333, 0.836382, 0.209488, 1.5761456278314716, 0.3581467491111635, 2.9273057649919503, 2.5867198925067565,4.00, 0.0271360000000000
7.500000, 2.500000, 0.810980, 0.222182, 1.5703211760849711, 0.3525263665706634, 2.9122367018809632, 2.5901953803723483,4.00, 0.0271360000000000
7.500000, 2.916667, 0.790720, 0.238798, 1.5662205096583017, 0.3488658768079341, 2.8970452215981886, 2.5888144983517365,3.00, 0.0271360000000000
7.500000, 3.333333, 0.774518, 0.259545, 1.5604253256782090, 0.3461841035490834, 2.8639127444643417, 2.5862725885549098,3.00, 0.0271360000000000
7.500000, 3.750000, 0.761301, 0.284582, 1.5561249843421787, 0.3450543593718805, 2.8398402089650494, 2.5881796949859668,3.00, 0.0271360000000000
7.500000, 4.166667, 0.750239, 0.313594, 1.5525240939019538, 0.3442644499436800, 2.8048913407002019, 2.5885252939588050,3.00, 0.0271360000000000
7.500000, 4.583333, 0.740694, 0.345979, 1.5503355714570075, 0.3440169825958282, 2.7772268381356282, 2.5897728657175079,3.00, 0.0271360000000000
7.500000, 5.000000, 0.732158, 0.381204, 1.5469533339848764, 0.3440237003311571, 2.7655575044490055, 2.5898867487064217,3.00, 0.0271360000000000
7.500000, 5.416667, 0.724314, 0.418035, 1.5454843809193886, 0.3443224572833994, 2.7478906556355751, 2.5848061881585780,3.00, 0.0271360000000000
7.500000, 5.833333, 0.716945, 0.455233, 1.5437129222036270, 0.3448018007184371, 2.7304615067369866, 2.5802602070778526,3.00, 0.0271360000000000
7.500000, 6.250000, 0.709876, 0.491956, 1.5412832687812892, 0.3455944909836979, 2.7007977230691136, 2.5727667887719452,3.00, 0.0271360000000000
7.500000, 6.666667, 0.703032, 0.527273, 1.5393927111891637, 0.3466083222195481, 2.6711872453161343, 2.5653163493453004,3.00, 0.0271360000000000
7.500000, 7.083333, 0.696370, 0.560562, 1.5388411154703310, 0.3479848073904396, 2.6320478260805777, 2.5555837487533473,3.00, 0.0271360000000000
7.500000, 7.500000, 0.689833, 0.591550, 1.5390213887763167, 0.3495336227204783, 2.6014312549081251, 2.5509650150320393,3.00, 0.0271360000000000
7.500000, 7.916667, 0.683417, 0.619843, 1.5372307213652705, 0.3510261770525906, 2.5670001355255865, 2.5428195209116358,2.00, 0.0271360000000000
7.500000, 8.333333, 0.677118, 0.645262, 1.5360488322928789, 0.3529059431524051, 2.5704003159484259, 2.5441098866845717,2.00, 0.0271360000000000
7.500000, 8.750000, 0.670904, 0.667864, 1.5359604029932166, 0.3552489494459409, 2.5999046289471948, 2.5488936207507611,2.00, 0.0271360000000000
7.500000, 9.166667, 0.664775, 0.687760, 1.5347313775056670, 0.3576904914390357, 2.6284326178324253, 2.5522412141956261,2.00, 0.0271360000000000
7.500000, 9.583333, 0.658729, 0.705143, 1.5323815695892598, 0.3604156198129096, 2.6612565165560058, 2.5481226767667544,2.00, 0.0271360000000000
7.500000, 10.000000, 0.652733, 0.720307, 1.5281287855559764, 0.3634303937503599, 2.6754558514087452, 2.5402614255939358,2.00, 0.0271360000000000
7.916667, 1.666667, 0.874767, 0.201708, 1.5869015756160241, 0.3945965486042158, 2.9540815785938559, 2.5531752837734647,3.00, 0.0271360000000000
7.916667, 2.083333, 0.843869, 0.210306, 1.5784247623961853, 0.3873866542340512, 2.9325405404958653, 2.5557920801640086,3.00, 0.0271360000000000
7.916667, 2.500000, 0.818471, 0.221957, 1.5711395996504149, 0.3820141276835430, 2.9177433323008284, 2.5576766390550891,3.00, 0.0271360000000000
7.916667, 2.916667, 0.797972, 0.237047, 1.5639633555769243, 0.3787740385096438, 2.9041348673798373, 2.5581811355836983,4.00, 0.0271360000000000
7.916667, 3.333333, 0.781418, 0.255776, 1.5585398117932021, 0.3766353287887431, 2.8733059509956371, 2.5554197639281977,3.00, 0.0271360000000000
7.916667, 3.750000, 0.767826, 0.278350, 1.5501271471755553, 0.3750002705577287, 2.8555117765728468, 2.5611324849933883,3.00, 0.0271360000000000
7.916667, 4.166667, 0.756418, 0.304485, 1.5457846890318516, 0.3737968399278999, 2.8395235593933301, 2.5610019871421303,3.00, 0.0271360000000000
7.916667, 4.583333, 0.746581, 0.333755, 1.5401460048769473, 0.3729036894085236, 2.8190647672816005, 2.5576839396656585,3.00, 0.0271360000000000
7.916667, 5.000000, 0.737816, 0.365788, 1.5379707150533257, 0.3725108427821227, 2.7925678813784329, 2.5555777197358664,3.00, 0.0271360000000000
7.916667, 5.416667, 0.729806, 0.399570, 1.5346409829370287, 0.3723210692022285, 2.7628727674337439, 2.5530217905366990,3.00, 0.0271360000000000
7.916667, 5.833333, 0.722334, 0.433983, 1.5321035994658720, 0.3722846074505782, 2.7319713317800609, 2.5474859423785245,3.00, 0.0271360000000000
7.916667, 6.250000, 0.715218, 0.468282, 1.5311890332918334, 0.3727064679843610, 2.7023397028028318, 2.5424837525953241,3.00, 0.0271360000000000
7.916667, 6.666667, 0.708376, 0.501614, 1.5293527850637856, 0.3731171667913153, 2.6719528682036917, 2.5338015694959868,3.00, 0.0271360000000000
7.916667, 7.083333, 0.701758, 0.533357, 1.5281036696005834, 0.3737660167708450, 2.6404779125653111, 2.5232950192602885,3.00, 0.0271360000000000
7.916667, 7.500000, 0.695296, 0.563213, 1.5282619825236883, 0.3747920285365266, 2.6046837604579021, 2.5129038669303010,3.00, 0.0271360000000000
7.916667, 7.916667, 0.688978, 0.590785, 1.5280613462169133, 0.3761099476739033, 2.6153659768556685, 2.5117264228999043,2.00, 0.0271360000000000
7.916667, 8.333333, 0.682793, 0.615869, 1.5263183054814458, 0.3777672559209201, 2.6306413963190787, 2.5113845712758054,2.00, 0.0271360000000000
7.916667, 8.750000, 0.676698, 0.638501, 1.5256114611684906, 0.3798985351838149, 2.6562199596622444, 2.5107170163872174,2.00, 0.0271360000000000
7.916667, 9.166667, 0.670688, 0.658694, 1.5238887631053324, 0.3822711447130793, 2.6877206685594519, 2.5061897601580578,2.00, 0.0271360000000000
7.916667, 9.583333, 0.664753, 0.676565, 1.5206340030407486, 0.3848914533783194, 2.7119552081964562, 2.4977211491062250,2.00, 0.0271360000000000
7.916667, 10.000000, 0.658855, 0.692357, 1.5177409293600908, 0.3880050402747906, 2.7322405532754872, 2.4855539985616986,2.00, 0.0271360000000000
8.333333, 1.666667, 0.882482, 0.205159, 1.5903289729624173, 0.4220824134169918, 2.9493714289109696, 2.5248906479179118,3.00, 0.0271360000000000
8.333333, 2.083333, 0.852185, 0.213252, 1.5795545546907299, 0.4153188928175226, 2.9350711265200031, 2.5251368862106127,3.00, 0.0271360000000000
8.333333, 2.500000, 0.826857, 0.224087, 1.5689910628939083, 0.4098071683398012, 2.9265747551507428, 2.5268362825504491,4.00, 0.0271360000000000
8.333333, 2.916667, 0.806137, 0.237980, 1.5602435098635092, 0.4058450376772584, 2.9261531068097382, 2.5276220450710869,4.00, 0.0271360000000000
8.333333, 3.333333, 0.789230, 0.255080, 1.5525236596038701, 0.4030712153658397, 2.8842388724248429, 2.5285615744892400,4.00, 0.0271360000000000
8.333333, 3.750000, 0.775246, 0.275619, 1.5456485999744578, 0.4008215892296564, 2.8696086062739541, 2.5300315244947651,3.00, 0.0271360000000000
8.333333, 4.166667, 0.763470, 0.299406, 1.5416321897798482, 0.3994407971477180, 2.8469518193102630, 2.5287626596062425,3.00, 0.0271360000000000
8.333333, 4.583333, 0.753316, 0.326119, 1.5360716796065590, 0.3983327373236891, 2.8205307652133529, 2.5225924248021561,3.00, 0.0271360000000000
8.333333, 5.000000, 0.744299, 0.355447, 1.5339713784502920, 0.3978368807547116, 2.7985511033716195, 2.5206862569206616,4.00, 0.0271360000000000
8.333333, 5.416667, 0.736106, 0.386506, 1.5297076391949944, 0.3971801437660015, 2.7677520528466926, 2.5174734537280394,4.00, 0.0271360000000000
8.333333, 5.833333, 0.728518, 0.418348, 1.5269451028415673, 0.3965610161603250, 2.7467915556354066, 2.5138844892511609,3.00, 0.0271360000000000
8.333333, 6.250000, 0.721345, 0.450320, 1.5229732361729325, 0.3959578395307602, 2.7268234495510018, 2.5112533122248855,3.00, 0.0271360000000000
8.333333, 6.666667, 0.714497, 0.481602, 1.5203166905977055, 0.3956362569120005, 2.7049355713920988, 2.5055721543908263,3.00, 0.0271360000000000
8.333333, 7.083333, 0.707914, 0.511599, 1.5172926373680973, 0.3955818931578053, 2.6783025743250124, 2.4945694392645117,3.00, 0.0271360000000000
8.333333, 7.500000, 0.701518, 0.540024, 1.5154406959601125, 0.3959392665360599, 2.6709203963302151, 2.4853197508690079,3.00, 0.0271360000000000
8.333333, 7.916667, 0.695285, 0.566522, 1.5116609956406182, 0.3967939205939284, 2.6808559100534639, 2.4787164446882568,3.00, 0.0271360000000000
8.333333, 8.333333, 0.689196, 0.590868, 1.5078326021948742, 0.3982143204140095, 2.7086401553425943, 2.4724261792525648,3.00, 0.0271360000000000
8.333333, 8.750000, 0.683196, 0.613087, 1.5057838525433989, 0.4002100141743303, 2.7438832931835733, 2.4660878204078109,3.00, 0.0271360000000000
8.333333, 9.166667, 0.677274, 0.633124, 1.5045763165484829, 0.4028306260843069, 2.7718141134639231, 2.4602106658374092,4.00, 0.0271360000000000
8.333333, 9.583333, 0.671415, 0.651017, 1.5045171426177335, 0.4061426657103543, 2.7993782720332883, 2.4531838997153099,3.00, 0.0271360000000000
8.333333, 10.000000, 0.665577, 0.666954, 1.5047263540104518, 0.4099966670819447, 2.8145137832300362, 2.4461252986075857,3.00, 0.0271360000000000
