S_d, S_n, Mask Mean FA, AUC, Theta 1 Mask Mean, Theta 1 Mask Std, Phi 1 Mask Mean, Phi 1 Mask Std, Theta 2 Mask Mean, Theta 2 Mask Std, Phi 2 Mask Mean, Phi 2 Mask Std, npeaks, Mask Fraction
0.833333, 1.666667, 0.584094, 0.646947, 1.2981218854294461, 0.7585226256585882, 2.9320257574788924, 2.1330134880837743,0.5343662803750808, 0.6477958540700444, 3.0849228374899975, 1.8371728265778233,1.00, 0.1513205760000000
0.833333, 2.083333, 0.577291, 0.697213, 1.2360018718753694, 0.7905379760562137, 3.0091631931340852, 2.1405273032061403,0.2770002683435333, 0.4216318702767457, 3.1197867010052072, 1.8225727528430875,1.00, 0.1513205760000000
0.833333, 2.500000, 0.573167, 0.740280, 1.1703481320089251, 0.8198306004676944, 3.0847269981298697, 2.1163935643697718,0.1313978835863998, 0.1785303735377150, 3.1456121850699152, 1.8155280539427254,1.00, 0.1513205760000000
0.833333, 2.916667, 0.568461, 0.776810, 1.1102805777239424, 0.8378020262721285, 3.1551138201564295, 2.0498372264277798,0.0813325744323873, 0.0695097690858492, 3.1844960217206859, 1.8106160688345316,1.00, 0.1513205760000000
0.833333, 3.333333, 0.560412, 0.809057, 1.0442203671001686, 0.8385981655178799, 3.2262368030925290, 1.9352436165672247,0.0620840415009019, 0.0441722888449842, 3.2254506229294146, 1.8091181997185302,1.00, 0.1513205760000000
0.833333, 3.750000, 0.549087, 0.831666, 0.9679155347459816, 0.8218163335044859, 3.2927964415841009, 1.7930510514914992,0.0516686474741187, 0.0363827508089527, 3.2816743467257519, 1.8054713529331596,1.00, 0.1513205760000000
0.833333, 4.166667, 0.536580, 0.839784, 0.8956757569582626, 0.7962326137016674, 3.3421809321748248, 1.6537080330450038,0.0451114154957066, 0.0311700045688959, 3.3577743793746109, 1.7970687121349487,1.00, 0.1513205760000000
0.833333, 4.583333, 0.524480, 0.839635, 0.8348816575927881, 0.7720635667943330, 3.3625994797359553, 1.5292355918176630,0.0407278877189472, 0.0274905625223063, 3.4397077422300084, 1.7862747998307520,1.00, 0.1513205760000000
0.833333, 5.000000, 0.513460, 0.836313, 0.7746457143626555, 0.7422702194709545, 3.3497309860408104, 1.4092680739872949,0.0377273196981757, 0.0248186444451132, 3.5297541710383977, 1.7726608862818591,1.00, 0.1513205760000000
0.833333, 5.416667, 0.503691, 0.832218, 0.7072840961406677, 0.6992197187083704, 3.3149448348882999, 1.2833250621666423,0.0356870993191348, 0.0228065734110611, 3.6196352211550948, 1.7537837952614732,1.00, 0.1513205760000000
0.833333, 5.833333, 0.495072, 0.828266, 0.6415883796716880, 0.6510694070871217, 3.2657720058772943, 1.1629077500117651,0.0343157873566373, 0.0212495373640497, 3.6728723435050199, 1.7358901403881439,1.00, 0.1513205760000000
0.833333, 6.250000, 0.487380, 0.824568, 0.5779855556943395, 0.5982021829477517, 3.2234530379770616, 1.0440026564042419,0.0333648478560015, 0.0200678852891725, 3.6841694989645055, 1.7246831399260107,1.00, 0.1513205760000000
0.833333, 6.666667, 0.480448, 0.820979, 0.5165699578083116, 0.5395213496544955, 3.1869564059647328, 0.9273976632358437,0.0326705355584102, 0.0192033162462585, 3.6933779840722774, 1.7116579621996888,1.00, 0.1513205760000000
0.833333, 7.083333, 0.474132, 0.817260, 0.4602994614285972, 0.4792156317918876, 3.1524071755395480, 0.8171829450703714,0.0321354473823420, 0.0185805095394257, 3.7028953227035646, 1.6945117109579646,1.00, 0.1513205760000000
0.833333, 7.500000, 0.468304, 0.813165, 0.4144808545582886, 0.4316103892866905, 3.1346591155037231, 0.7320149793221893,0.0316950276939387, 0.0181201185302020, 3.7087476691228769, 1.6751625455710570,1.00, 0.1513205760000000
0.833333, 7.916667, 0.462897, 0.808532, 0.3762864491914676, 0.3947620130400974, 3.1284861508783774, 0.6731862349628237,0.0313149074682104, 0.0177600013858041, 3.7215276732070022, 1.6496785254796458,1.00, 0.1513205760000000
0.833333, 8.333333, 0.457863, 0.803257, 0.3425853925396518, 0.3620731941721008, 3.1272790530181962, 0.6304294243259017,0.0309718213840247, 0.0174569900938979, 3.7464627614945916, 1.6160789085194189,1.00, 0.1513205760000000
0.833333, 8.750000, 0.453149, 0.797277, 0.3135766108686478, 0.3349013405173631, 3.1325854683765932, 0.6035180644147077,0.0306463112165234, 0.0171789726937557, 3.7824416352381052, 1.5739820973271981,1.00, 0.1513205760000000
0.833333, 9.166667, 0.448737, 0.790606, 0.2899058190748198, 0.3176533554372271, 3.1368115406020114, 0.5934280817789863,0.0303320704063957, 0.0169094244063495, 3.8239449301976087, 1.5245926268714138,1.00, 0.1513205760000000
0.833333, 9.583333, 0.444611, 0.783305, 0.2686027853289263, 0.3010580393686108, 3.1426368611913773, 0.5902135730579293,0.0300259579609621, 0.0166409716990653, 3.8562050245476831, 1.4759722541785554,1.00, 0.1513205760000000
0.833333, 10.000000, 0.440741, 0.775448, 0.2488792982443806, 0.2828078116404887, 3.1481683466235841, 0.5871325823496665,0.0297213709052019, 0.0163779054410279, 3.8737394606728150, 1.4330565569880274,1.00, 0.1513205760000000
1.250000, 1.666667, 0.783898, 0.791175, 1.4060297300432418, 0.7601600618192591, 2.9410164309317719, 2.2680342053056077,0.3714569025024577, 0.5414988131245031, 3.0808419644352147, 1.8207060532172690,2.00, 0.1513205760000000
1.250000, 2.083333, 0.788685, 0.848691, 1.3897786395507430, 0.7754728895762764, 3.0289965915739212, 2.2953523808250007,0.1665874981153160, 0.2535398985652003, 3.1068991201029368, 1.8162610988130907,2.00, 0.1513205760000000
1.250000, 2.500000, 0.794636, 0.897734, 1.3782631062866584, 0.7811633864253257, 3.0985695753593969, 2.2861949389802514,0.0981468364185536, 0.1165996765661020, 3.1323369521612303, 1.8207473945811947,1.00, 0.1513205760000000
1.250000, 2.916667, 0.790366, 0.921583, 1.3693533237089035, 0.7787139167529863, 3.1682559497011660, 2.2404244619880331,0.0727008665174533, 0.0788912612891510, 3.1529081968895336, 1.8276888155936308,1.00, 0.1513205760000000
1.250000, 3.333333, 0.775405, 0.925783, 1.3474825586201074, 0.7692714767771677, 3.2419793056144410, 2.1599196752330734,0.0579684943005152, 0.0487828996126336, 3.1898393076582945, 1.8298772152932914,1.00, 0.1513205760000000
1.250000, 3.750000, 0.755693, 0.924653, 1.3200522367092762, 0.7562307363448446, 3.3116431682312535, 2.0611602125223762,0.0488333151911263, 0.0373584275614268, 3.2247857138486018, 1.8278791159265029,1.00, 0.1513205760000000
1.250000, 4.166667, 0.735230, 0.921540, 1.2847399798190602, 0.7404428446431391, 3.3625957861883093, 1.9531582751078502,0.0425841240197624, 0.0319510832260781, 3.2584471511103823, 1.8229716168252410,1.00, 0.1513205760000000
1.250000, 4.583333, 0.715923, 0.918656, 1.2532282809883599, 0.7255282712606281, 3.3978198848038863, 1.8595497875049052,0.0382236280522098, 0.0281824792159737, 3.2901719112270573, 1.8184388126786091,1.00, 0.1513205760000000
1.250000, 5.000000, 0.698426, 0.916722, 1.2252592935119699, 0.7128608159694544, 3.4120590806773756, 1.7767856422623876,0.0352630036277910, 0.0255648598934130, 3.3260843665947379, 1.8112141749891095,1.00, 0.1513205760000000
1.250000, 5.416667, 0.682841, 0.915723, 1.2125390617552949, 0.7086809754803486, 3.4244849675507218, 1.7286532036624445,0.0333814970367747, 0.0237513554484780, 3.3604145831482732, 1.8007920441707090,1.00, 0.1513205760000000
1.250000, 5.833333, 0.668966, 0.915241, 1.2126430828899262, 0.7136965227093121, 3.4536034134049798, 1.7100269204202365,0.0323317218034759, 0.0224924499932433, 3.4084999867346761, 1.7854546004547456,1.00, 0.1513205760000000
1.250000, 6.250000, 0.656456, 0.914921, 1.2224365754263655, 0.7272241824492343, 3.4980466555016947, 1.7191401952177312,0.0318752748665990, 0.0216406427071979, 3.4604154928131137, 1.7616447222740312,1.00, 0.1513205760000000
1.250000, 6.666667, 0.645031, 0.914557, 1.2299663935311314, 0.7433371670934839, 3.5252887733506153, 1.7357528657619909,0.0318173587017422, 0.0211013844941469, 3.4921987243455166, 1.7347275434615610,1.00, 0.1513205760000000
1.250000, 7.083333, 0.634452, 0.914030, 1.2316432121439618, 0.7603153898394296, 3.5465501026039106, 1.7505024846293391,0.0320073008793168, 0.0208049935371493, 3.5073888211221256, 1.7058158838460891,1.00, 0.1513205760000000
1.250000, 7.500000, 0.624500, 0.913242, 1.2184413021351477, 0.7740183124556823, 3.5535121410934978, 1.7454239338929700,0.0323440471899125, 0.0206738887245497, 3.5182635468044157, 1.6710320669075436,1.00, 0.1513205760000000
1.250000, 7.916667, 0.615052, 0.912101, 1.1872547811839123, 0.7821105648677259, 3.5407524870471283, 1.7165313115662928,0.0327741902978744, 0.0206403595576824, 3.5188868678397331, 1.6311903178764418,1.00, 0.1513205760000000
1.250000, 8.333333, 0.606021, 0.910538, 1.1407975511447992, 0.7837452098636130, 3.5123946680906499, 1.6675776675149685,0.0332689275760776, 0.0206500732697717, 3.5064930546423270, 1.5873446024140152,1.00, 0.1513205760000000
1.250000, 8.750000, 0.597323, 0.908512, 1.0709315831116810, 0.7706203454850972, 3.4559253336788887, 1.5825293154117570,0.0338061978536156, 0.0206663397837803, 3.4832894656851265, 1.5433348014107839,1.00, 0.1513205760000000
1.250000, 9.166667, 0.588929, 0.905991, 0.9780419888136904, 0.7350941620784599, 3.3535975902131558, 1.4580332839042232,0.0343710480768773, 0.0206843708981142, 3.4743597452343984, 1.4962483902911943,1.00, 0.1513205760000000
1.250000, 9.583333, 0.580825, 0.902957, 0.8861076030524612, 0.6881146629894719, 3.2539876357828521, 1.3217616938029397,0.0349495222528688, 0.0207162630209636, 3.4691563170230126, 1.4481123390288109,1.00, 0.1513205760000000
1.250000, 10.000000, 0.572978, 0.899407, 0.8110919959949525, 0.6461314601033759, 3.1980935084639142, 1.2023165827127622,0.0355318167583928, 0.0207734494688948, 3.4686528751225461, 1.3984703133255112,1.00, 0.1513205760000000
1.666667, 1.666667, 0.878409, 0.844452, 1.5051731792012877, 0.7366395502092884, 2.9701339003070446, 2.3807454617858741,0.2115991751065188, 0.3544040522206362, 3.1317086194747557, 1.8235200169453099,2.00, 0.1513205760000000
1.666667, 2.083333, 0.882617, 0.892145, 1.5117141657735336, 0.7227589179043828, 3.0574427960743660, 2.4160996697911408,0.1175175839847768, 0.1628645007895001, 3.1645925835421389, 1.8258844960234901,2.00, 0.1513205760000000
1.666667, 2.500000, 0.880718, 0.913930, 1.5272322087193420, 0.6986086187936270, 3.1304618106135633, 2.4229500462430344,0.0845892707477667, 0.0945774861847386, 3.1902061026600657, 1.8331564860851515,2.00, 0.1513205760000000
1.666667, 2.916667, 0.867361, 0.914468, 1.5349175520637617, 0.6738464944054684, 3.1752373045432005, 2.3959091617520176,0.0666593934561889, 0.0611986970432791, 3.2279321512497541, 1.8377659360314333,2.00, 0.1513205760000000
1.666667, 3.333333, 0.848821, 0.909450, 1.5315055680481480, 0.6504939376082940, 3.2142411320504785, 2.3447110060930321,0.0549372338883681, 0.0418028668002755, 3.2720752790986452, 1.8384740689521164,2.00, 0.1513205760000000
1.666667, 3.750000, 0.829027, 0.902715, 1.5155209377066912, 0.6334543873326670, 3.2528933931209831, 2.2749587757833960,0.0467972485357429, 0.0334991950468482, 3.3011712481733211, 1.8373338577340781,2.00, 0.1513205760000000
1.666667, 4.166667, 0.809941, 0.896855, 1.4840816746052030, 0.6191406301789819, 3.2721438817891619, 2.1865942684228763,0.0409019054383015, 0.0291176127392477, 3.3140784759809176, 1.8323631496207435,2.00, 0.1513205760000000
1.666667, 4.583333, 0.792502, 0.892940, 1.4497935394549701, 0.6063297692192119, 3.2647168891822935, 2.0969949624954518,0.0366752882904439, 0.0261706516109257, 3.3250684869937772, 1.8260004068090729,2.00, 0.1513205760000000
1.666667, 5.000000, 0.776999, 0.891598, 1.4119956476224282, 0.5936802050346743, 3.2487287888453835, 1.9992428274855096,0.0337753213092483, 0.0241566990400819, 3.3457804355780638, 1.8148078999711739,2.00, 0.1513205760000000
1.666667, 5.416667, 0.763396, 0.892802, 1.3721593037745585, 0.5809528187209638, 3.2179242051423396, 1.8992391297929125,0.0319382696327181, 0.0228424094984789, 3.3719710343800839, 1.7923880841847792,2.00, 0.1513205760000000
1.666667, 5.833333, 0.751449, 0.895622, 1.3389114107489490, 0.5708725428247567, 3.1750830992099837, 1.8145289999446341,0.0309528106583122, 0.0220701900225333, 3.4046513015503774, 1.7586408774055831,2.00, 0.1513205760000000
1.666667, 6.250000, 0.740802, 0.898761, 1.3175272994902620, 0.5667357322929859, 3.1460228708797526, 1.7600998427296006,0.0306295625312230, 0.0217016456605531, 3.4447154902824986, 1.7166531508036480,2.00, 0.1513205760000000
1.666667, 6.666667, 0.731155, 0.901329, 1.3069138938009639, 0.5691327853666408, 3.1405912473655371, 1.7344054294076394,0.0308230869619019, 0.0215980781824837, 3.4871181048698805, 1.6671147247481855,2.00, 0.1513205760000000
1.666667, 7.083333, 0.722250, 0.903042, 1.3066195758038868, 0.5783011425223398, 3.1628274636172176, 1.7360381986309306,0.0314016087737052, 0.0216587749363201, 3.5255796986302870, 1.6142277189356906,2.00, 0.1513205760000000
1.666667, 7.500000, 0.713854, 0.903926, 1.3161234175637369, 0.5937321861327761, 3.1902771932464313, 1.7648280123985089,0.0322395664621561, 0.0218310452016320, 3.5293601467455429, 1.5639618972012546,2.00, 0.1513205760000000
1.666667, 7.916667, 0.705822, 0.904055, 1.3282344523864300, 0.6116722934496410, 3.2191690254070520, 1.8020156046677520,0.0332496704760826, 0.0220871764460886, 3.5184861768423441, 1.5144533765762194,2.00, 0.1513205760000000
1.666667, 8.333333, 0.698052, 0.903495, 1.3423925509214725, 0.6315189020355816, 3.2441099334394758, 1.8466732857642854,0.0343861917375739, 0.0223928632304877, 3.4945886098253207, 1.4656538594100954,2.00, 0.1513205760000000
1.666667, 8.750000, 0.690452, 0.902302, 1.3605112159467305, 0.6535731355554604, 3.2735651435970565, 1.9018594974219356,0.0356173675526651, 0.0227268455242543, 3.4712922200833898, 1.4156707133941093,2.00, 0.1513205760000000
1.666667, 9.166667, 0.682985, 0.900517, 1.3733833105382303, 0.6746106899387984, 3.2979133468658048, 1.9475577979985930,0.0369267088899538, 0.0230851585477791, 3.4516650316494939, 1.3637439637573441,2.00, 0.1513205760000000
1.666667, 9.583333, 0.675632, 0.898173, 1.3777811124218766, 0.6940583480898188, 3.3177260123062378, 1.9779873291143870,0.0383056047068949, 0.0234697514937282, 3.4367931059627437, 1.3101180207764398,2.00, 0.1513205760000000
1.666667, 10.000000, 0.668365, 0.895314, 1.3750001230987829, 0.7124510823374487, 3.3336271215767170, 1.9954131582961274,0.0397475353895263, 0.0238861430570052, 3.4293692253252179, 1.2565970469774568,2.00, 0.1513205760000000
2.083333, 1.666667, 0.925958, 0.862753, 1.5777523648896927, 0.6919071177681606, 3.0591878582170273, 2.4795144317628552,0.1367748168277834, 0.2370705025690647, 3.1820609282773926, 1.8264681659533026,3.00, 0.1513205760000000
2.083333, 2.083333, 0.921969, 0.891021, 1.5973341422895109, 0.6567581553636952, 3.1338319506420831, 2.5078254092801306,0.0942915482898499, 0.1162972306117646, 3.2163797595727632, 1.8318383623856584,2.00, 0.1513205760000000
2.083333, 2.500000, 0.909702, 0.894359, 1.6180643955538441, 0.6174726117939404, 3.1923092124927561, 2.5145153925480694,0.0741572956081183, 0.0669718736140457, 3.2425021185521676, 1.8354877061612787,2.00, 0.1513205760000000
2.083333, 2.916667, 0.892612, 0.887943, 1.6274866094683491, 0.5845071901304827, 3.2294889761531476, 2.4954393260627694,0.0614693472535661, 0.0483299337422800, 3.2816663749789057, 1.8386469778307166,2.00, 0.1513205760000000
2.083333, 3.333333, 0.873961, 0.877659, 1.6191270701631437, 0.5641286396902102, 3.2544668879593872, 2.4498969239832036,0.0522487800777148, 0.0355841644635073, 3.3129576079043317, 1.8376163562255345,2.00, 0.1513205760000000
2.083333, 3.750000, 0.855486, 0.867124, 1.5992982961733815, 0.5544918796149607, 3.2563683347629335, 2.3910393829080934,0.0454488107419676, 0.0308396727656361, 3.3243178145213936, 1.8341666006368915,2.00, 0.1513205760000000
2.083333, 4.166667, 0.838246, 0.858538, 1.5674329558447804, 0.5498035888769830, 3.2467584567398071, 2.3125605972808718,0.0403180529779265, 0.0275396376150656, 3.3198234420125829, 1.8294667718912756,2.00, 0.1513205760000000
2.083333, 4.583333, 0.822809, 0.853648, 1.5321607623868134, 0.5464060095719321, 3.2326736116351329, 2.2281174622541027,0.0365123868754813, 0.0251554608340266, 3.3245924640631621, 1.8177862116941021,2.00, 0.1513205760000000
2.083333, 5.000000, 0.809323, 0.852911, 1.4922724795738112, 0.5423541544481448, 3.2066436952301300, 2.1356155841762035,0.0338007211724814, 0.0235007534806406, 3.3506820014624314, 1.7972400291330315,2.00, 0.1513205760000000
2.083333, 5.416667, 0.797697, 0.855827, 1.4487932762695959, 0.5362365565484712, 3.1816642808746081, 2.0323018886802386,0.0320153483443307, 0.0224802414941633, 3.3866791810278669, 1.7640517952131181,2.00, 0.1513205760000000
2.083333, 5.833333, 0.787677, 0.861440, 1.4122322748974969, 0.5300340921851028, 3.1521931132542580, 1.9406650818104469,0.0310218689894251, 0.0219875630238351, 3.4191008939701861, 1.7223616131933097,2.00, 0.1513205760000000
2.083333, 6.250000, 0.778914, 0.868183, 1.3834032112134682, 0.5252704791271664, 3.1150099314995945, 1.8653802559761621,0.0306872589554398, 0.0218964946935127, 3.4537723320647280, 1.6744022023933527,2.00, 0.1513205760000000
2.083333, 6.666667, 0.771109, 0.874533, 1.3666840652308994, 0.5250127557411101, 3.0951212740535259, 1.8203637745911518,0.0308887946813548, 0.0220847031455331, 3.4930845258091292, 1.6174306776999972,2.00, 0.1513205760000000
2.083333, 7.083333, 0.764003, 0.879484, 1.3612707021399302, 0.5301344223413955, 3.0879352783739367, 1.8063331447128057,0.0315117372796349, 0.0224497819698992, 3.5041405425422227, 1.5623090683252900,2.00, 0.1513205760000000
2.083333, 7.500000, 0.757364, 0.882825, 1.3633899187427216, 0.5394932286000304, 3.0975724915355607, 1.8128735561680605,0.0324450272454944, 0.0229261935805711, 3.4973712215394706, 1.5090840155951930,2.00, 0.1513205760000000
2.083333, 7.916667, 0.751041, 0.884714, 1.3691627264531987, 0.5514040125037506, 3.1139992900261926, 1.8308493055505486,0.0336156566622468, 0.0234639561892135, 3.4814481656307130, 1.4559602775788281,2.00, 0.1513205760000000
2.083333, 8.333333, 0.744923, 0.885394, 1.3758535589546206, 0.5647030545944453, 3.1386334726218972, 1.8535016692731747,0.0349758453901908, 0.0240269364841603, 3.4661527045886888, 1.4004647160920094,2.00, 0.1513205760000000
2.083333, 8.750000, 0.738917, 0.885087, 1.3854041815410476, 0.5798594026608651, 3.1537560622589877, 1.8855117290417009,0.0364932090270763, 0.0245906375154709, 3.4514341529563728, 1.3417977218173176,2.00, 0.1513205760000000
2.083333, 9.166667, 0.732979, 0.883951, 1.3952790044645895, 0.5958419330591123, 3.1578386352282193, 1.9209993008893933,0.0381527853698532, 0.0251427444080070, 3.4370247645547236, 1.2818829159712994,2.00, 0.1513205760000000
2.083333, 9.583333, 0.727082, 0.882109, 1.4049483910039220, 0.6123731202102072, 3.1545525047941965, 1.9577041737897707,0.0399432873246888, 0.0256835420271577, 3.4216647624154772, 1.2259798762262413,2.00, 0.1513205760000000
2.083333, 10.000000, 0.721201, 0.879671, 1.4135399314073505, 0.6291428500321148, 3.1551586475883355, 1.9930930442991284,0.0418506954838221, 0.0262264455929411, 3.4078854365664224, 1.1715776646742881,2.00, 0.1513205760000000
2.500000, 1.666667, 0.947201, 0.853097, 1.6322577242825795, 0.6359383354923293, 3.1348538296467225, 2.5564330380301734,0.1021456138945525, 0.1753822372124967, 3.2200818561592319, 1.8238550221510115,2.00, 0.1513205760000000
2.500000, 2.083333, 0.934888, 0.863055, 1.6567808206101657, 0.5920803087267773, 3.1861348461496894, 2.5745263577476942,0.0789609033158037, 0.0844564830345787, 3.2425868872025321, 1.8270404810578191,2.00, 0.1513205760000000
2.500000, 2.500000, 0.918898, 0.859990, 1.6740740136323136, 0.5500449178366258, 3.2229245013886194, 2.5738258784599526,0.0662018710446676, 0.0534293987523499, 3.2676999376624005, 1.8291639685207928,2.00, 0.1513205760000000
2.500000, 2.916667, 0.901115, 0.850323, 1.6740024215774882, 0.5251729376742466, 3.2283841837311802, 2.5496569209392610,0.0570183862899179, 0.0416318856099394, 3.2835697628206759, 1.8307637648548238,2.00, 0.1513205760000000
2.500000, 3.333333, 0.882981, 0.837907, 1.6601807767835250, 0.5154495092265411, 3.2256706893616554, 2.5040069613930656,0.0498540670422181, 0.0331929511226987, 3.2962182540469827, 1.8291737448547540,2.00, 0.1513205760000000
2.500000, 3.750000, 0.865515, 0.825865, 1.6355946888961703, 0.5144634813579982, 3.2230160786834423, 2.4432205974416110,0.0443022461731531, 0.0297257254751401, 3.2866052530538972, 1.8259821637217049,2.00, 0.1513205760000000
2.500000, 4.166667, 0.849472, 0.816752, 1.6025871187586089, 0.5168120694735167, 3.2222790032047968, 2.3668227168547284,0.0399587475735491, 0.0270366123792269, 3.2774063832386138, 1.8194746745587076,2.00, 0.1513205760000000
2.500000, 4.583333, 0.835279, 0.811743, 1.5643617773618739, 0.5192755655331684, 3.2096673153407851, 2.2823715387131469,0.0366590416982641, 0.0249743392742009, 3.2920223506632342, 1.8046599409013793,2.00, 0.1513205760000000
2.500000, 5.000000, 0.823019, 0.811372, 1.5221557937644934, 0.5196054959294830, 3.1800214085986296, 2.1885636443734562,0.0342652150479340, 0.0235226745764764, 3.3265787459892935, 1.7796780880203265,2.00, 0.1513205760000000
2.500000, 5.416667, 0.812582, 0.815347, 1.4790820656938199, 0.5168105748833672, 3.1551123142757307, 2.0864942463208935,0.0326696428175332, 0.0226702919972267, 3.3676281670801798, 1.7450710670590681,2.00, 0.1513205760000000
2.500000, 5.833333, 0.803710, 0.822830, 1.4429753869834119, 0.5127645903730228, 3.1338784133308453, 1.9964528588774604,0.0317798076991960, 0.0223504921319541, 3.4006188465803149, 1.7028186682681599,2.00, 0.1513205760000000
2.500000, 6.250000, 0.796068, 0.832408, 1.4140640304647389, 0.5092120009614881, 3.1124671657104499, 1.9205216012742472,0.0314991077237727, 0.0224454179271760, 3.4220144422017285, 1.6590598281573634,2.00, 0.1513205760000000
2.500000, 6.666667, 0.789366, 0.842341, 1.3943925014247123, 0.5082354149138539, 3.0962360968316638, 1.8670067690172567,0.0317263836544287, 0.0228391329807703, 3.4463892071889468, 1.6098541041563998,2.00, 0.1513205760000000
2.500000, 7.083333, 0.783349, 0.851168, 1.3843004519883733, 0.5111427783356040, 3.0842252634901648, 1.8384389751404639,0.0323636906546237, 0.0234280611717123, 3.4489759774222817, 1.5592705806390643,2.00, 0.1513205760000000
2.500000, 7.500000, 0.777792, 0.858012, 1.3837108518928707, 0.5185301176169447, 3.0836386537880989, 1.8364749662243294,0.0333313929517360, 0.0241160773800195, 3.4404357316702647, 1.5057876318355146,2.00, 0.1513205760000000
2.500000, 7.916667, 0.772543, 0.862642, 1.3896841583913746, 0.5292714958874272, 3.0922824843169359, 1.8531071908055086,0.0345664598525729, 0.0248453020392415, 3.4181906696942943, 1.4518532264131316,2.00, 0.1513205760000000
2.500000, 8.333333, 0.767489, 0.865373, 1.3971542192182729, 0.5413731741241232, 3.1107165815682030, 1.8762811524733003,0.0360246116359727, 0.0255764191638777, 3.3990348721934667, 1.3936854023371892,2.00, 0.1513205760000000
2.500000, 8.750000, 0.762537, 0.866580, 1.4061248683729977, 0.5546636781206192, 3.1224642866788641, 1.9043909924617828,0.0376763518148859, 0.0262805686061091, 3.3842902803911894, 1.3300648527560992,2.00, 0.1513205760000000
2.500000, 9.166667, 0.757640, 0.866559, 1.4143389241283111, 0.5683332681542438, 3.1336104807314737, 1.9326768645968031,0.0395067827577599, 0.0269433658809682, 3.3698365216151194, 1.2664573911934029,2.00, 0.1513205760000000
2.500000, 9.583333, 0.752769, 0.865555, 1.4224354117400542, 0.5825053869318577, 3.1346712643585488, 1.9622225961536406,0.0415004164509496, 0.0275688605684959, 3.3529397623052004, 1.2073239863313103,2.00, 0.1513205760000000
2.500000, 10.000000, 0.747897, 0.863771, 1.4281321191751482, 0.5965444327868963, 3.1233645447447200, 1.9876201634587638,0.0436436503230326, 0.0281679887335772, 3.3357204286315838, 1.1491579542326158,2.00, 0.1513205760000000
2.916667, 1.666667, 0.953082, 0.818662, 1.6859987300334145, 0.5724186771079716, 3.1705574770346274, 2.6188694097409262,0.0823763747288161, 0.1377815060066872, 3.2381889146960066, 1.8168188457733119,2.00, 0.1513205760000000
2.916667, 2.083333, 0.938023, 0.820680, 1.7009193646909584, 0.5317842081544650, 3.1909383163459730, 2.6220786922211574,0.0686726651120780, 0.0740044981198017, 3.2585252300357337, 1.8196788049242263,2.00, 0.1513205760000000
2.916667, 2.500000, 0.921135, 0.814729, 1.7047567919233138, 0.5033392499475455, 3.1927876340846795, 2.6074820092333022,0.0598749954451846, 0.0474899462801117, 3.2659761099794804, 1.8217744834484779,2.00, 0.1513205760000000
2.916667, 2.916667, 0.903378, 0.804305, 1.6982042422837462, 0.4908690170314496, 3.1853805805970294, 2.5784048154102481,0.0530619480044140, 0.0354107498227887, 3.2693859448724183, 1.8204163299099272,2.00, 0.1513205760000000
2.916667, 3.333333, 0.885690, 0.792265, 1.6771772717939386, 0.4906386940325536, 3.1902155858414889, 2.5248279631239625,0.0476404734544095, 0.0319000871615033, 3.2571936612124639, 1.8182573016928600,2.00, 0.1513205760000000
2.916667, 3.750000, 0.868865, 0.781540, 1.6496894288108759, 0.4952946855403079, 3.1935770875520211, 2.4623574839129585,0.0431831702638836, 0.0291113724821399, 3.2475696397575931, 1.8139451567635387,2.00, 0.1513205760000000
2.916667, 4.166667, 0.853536, 0.773759, 1.6133362661537629, 0.5014814470023087, 3.1923515642966800, 2.3854342575484369,0.0395962983915917, 0.0268393890133750, 3.2539818055632739, 1.8059955818690014,2.00, 0.1513205760000000
2.916667, 4.583333, 0.840057, 0.769797, 1.5751280947939721, 0.5059923632526864, 3.1843277467130200, 2.3017865656062386,0.0368322465167588, 0.0250501317613640, 3.2731866182436646, 1.7914826543016564,2.00, 0.1513205760000000
2.916667, 5.000000, 0.828481, 0.770323, 1.5356201882037896, 0.5079327211571144, 3.1575004216298819, 2.2121419861562694,0.0348184356111910, 0.0238074040874596, 3.3090032965433229, 1.7665872493480084,2.00, 0.1513205760000000
2.916667, 5.416667, 0.818685, 0.775323, 1.4968279081634863, 0.5070860118697673, 3.1377749116608658, 2.1186405868438389,0.0334907332201237, 0.0231424415875070, 3.3428671097311304, 1.7335663520334221,2.00, 0.1513205760000000
2.916667, 5.833333, 0.810419, 0.784257, 1.4620472730967842, 0.5044401993992261, 3.1152438738583252, 2.0319616193695071,0.0327924860724201, 0.0229995319905379, 3.3688770044736716, 1.6941431531549738,2.00, 0.1513205760000000
2.916667, 6.250000, 0.803364, 0.795989, 1.4342794834265873, 0.5020298242743492, 3.0907979540500992, 1.9590716273826674,0.0326513679642556, 0.0232653481803027, 3.3864952368005419, 1.6536979983915265,2.00, 0.1513205760000000
2.916667, 6.666667, 0.797237, 0.808734, 1.4144257963493261, 0.5014849659114932, 3.0758651810463293, 1.9046929657095988,0.0329805310989631, 0.0238305498529172, 3.3922060599759933, 1.6129287178452665,2.00, 0.1513205760000000
2.916667, 7.083333, 0.791793, 0.820835, 1.4011701297551746, 0.5033840409809142, 3.0721551879651932, 1.8672900699947099,0.0337002023805010, 0.0245858229067808, 3.3929718994372307, 1.5661210502023186,2.00, 0.1513205760000000
2.916667, 7.500000, 0.786813, 0.831055, 1.3973757506325577, 0.5092752194073064, 3.0686516392534222, 1.8556405637714284,0.0347448945484482, 0.0254300738836789, 3.3822053352551453, 1.5142958472771235,2.00, 0.1513205760000000
2.916667, 7.916667, 0.782148, 0.838905, 1.4010947861088188, 0.5185967394730744, 3.0758305532225929, 1.8659036272539129,0.0360657413625187, 0.0262961935789934, 3.3597545270787492, 1.4610807717715752,2.00, 0.1513205760000000
2.916667, 8.333333, 0.777682, 0.844257, 1.4092285843684111, 0.5300805769332680, 3.0880019217335515, 1.8898500607933515,0.0376190275064624, 0.0271507446442481, 3.3427303246047679, 1.4032035580321331,2.00, 0.1513205760000000
2.916667, 8.750000, 0.773327, 0.847463, 1.4180060722994579, 0.5423304381980646, 3.1005939678881203, 1.9166311111474539,0.0393774359645683, 0.0279661655912502, 3.3286135438469016, 1.3390291373318250,2.00, 0.1513205760000000
2.916667, 9.166667, 0.769031, 0.848946, 1.4244416356318139, 0.5544588665407533, 3.1039672745281628, 1.9391797315103565,0.0413282074624414, 0.0287280369247450, 3.3143214886746311, 1.2723848711831125,2.00, 0.1513205760000000
2.916667, 9.583333, 0.764765, 0.849070, 1.4314044871228604, 0.5672279218757820, 3.0995933218649445, 1.9639568905784386,0.0434589049471341, 0.0294379328033262, 3.2991058727744900, 1.2081394227461271,2.00, 0.1513205760000000
2.916667, 10.000000, 0.760501, 0.848150, 1.4354146204445788, 0.5797074644628687, 3.0898428725669449, 1.9833266559210010,0.0457574592442548, 0.0301060149829982, 3.2827915820436484, 1.1439421125099511,2.00, 0.1513205760000000
3.333333, 1.666667, 0.953768, 0.771879, 1.7181101223928390, 0.5148291117906856, 3.1639613277658762, 2.6568359090858022,0.0711744789434118, 0.1261469611336118, 3.2412994611047274, 1.8124105513048732,2.00, 0.1513205760000000
3.333333, 2.083333, 0.937908, 0.770540, 1.7217634134595541, 0.4898692229593865, 3.1641406284237625, 2.6455158065951241,0.0614676833535481, 0.0698793201778476, 3.2468276277211463, 1.8129242083341257,2.00, 0.1513205760000000
3.333333, 2.500000, 0.920781, 0.763625, 1.7210670465475608, 0.4747234514978575, 3.1631451434626343, 2.6270609010811996,0.0550277131263599, 0.0424072434043910, 3.2420217087614160, 1.8130448488047188,2.00, 0.1513205760000000
3.333333, 2.916667, 0.903113, 0.753845, 1.7062810231146726, 0.4733293758781784, 3.1593305629569133, 2.5868488608032525,0.0500727457094499, 0.0338314192881414, 3.2319683299059019, 1.8106576307539772,2.00, 0.1513205760000000
3.333333, 3.333333, 0.885699, 0.743859, 1.6815062223312349, 0.4789259596351657, 3.1677592534109675, 2.5318308953680462,0.0459130411233867, 0.0311238965563101, 3.2267714749164069, 1.8074252347162549,2.00, 0.1513205760000000
3.333333, 3.750000, 0.869241, 0.735600, 1.6502352549315717, 0.4865957621380401, 3.1767978532741794, 2.4657743949251509,0.0423560153372093, 0.0288413246631126, 3.2303506711176548, 1.8032713008436854,2.00, 0.1513205760000000
3.333333, 4.166667, 0.854300, 0.730040, 1.6138759589801190, 0.4937685203955960, 3.1802340068720336, 2.3879907128060780,0.0394260300460291, 0.0269238206862739, 3.2445080582821002, 1.7955838286434571,2.00, 0.1513205760000000
3.333333, 4.583333, 0.841187, 0.727897, 1.5775147656734230, 0.4985636257666729, 3.1726903656210981, 2.3062821059412872,0.0371520703910147, 0.0254062310729138, 3.2652349583314524, 1.7807232584068149,2.00, 0.1513205760000000
3.333333, 5.000000, 0.829934, 0.729989, 1.5412392875178513, 0.5007237217699720, 3.1490946899905783, 2.2210292835674088,0.0355121776646466, 0.0243930043445374, 3.2915395803269001, 1.7560428248990518,2.00, 0.1513205760000000
3.333333, 5.416667, 0.820420, 0.736573, 1.5048202107777140, 0.5004677640375784, 3.1240388342884948, 2.1322751196253948,0.0344817546690168, 0.0239262868692498, 3.3222902340002149, 1.7224208989022967,2.00, 0.1513205760000000
3.333333, 5.833333, 0.812409, 0.747222, 1.4733351346797732, 0.4989386360634263, 3.0961508019732138, 2.0526433840349165,0.0340255113787256, 0.0239587043639379, 3.3426621679532418, 1.6845560059129321,2.00, 0.1513205760000000
3.333333, 6.250000, 0.805594, 0.760754, 1.4473421735734080, 0.4974668375493962, 3.0780588416106491, 1.9841022733445368,0.0340776107994911, 0.0243918914088831, 3.3464772397650049, 1.6464062455431336,2.00, 0.1513205760000000
3.333333, 6.666667, 0.799708, 0.775595, 1.4266646143547239, 0.4969921398192227, 3.0660335248642401, 1.9264613660117744,0.0345610229877635, 0.0251206756325453, 3.3460893637598961, 1.6083216858569427,2.00, 0.1513205760000000
3.333333, 7.083333, 0.794511, 0.790025, 1.4146254666405516, 0.4992748886977587, 3.0590200714245839, 1.8910666231998794,0.0354158710816367, 0.0260239657121937, 3.3397249147913395, 1.5659392721758230,2.00, 0.1513205760000000
3.333333, 7.500000, 0.789793, 0.802859, 1.4101468101308738, 0.5046016635587603, 3.0524175666713780, 1.8763050761574025,0.0365852041325801, 0.0270027213749459, 3.3268909071017916, 1.5163248958784494,2.00, 0.1513205760000000
3.333333, 7.916667, 0.785403, 0.813403, 1.4137000388942309, 0.5132420483688283, 3.0551945806721803, 1.8852275466019004,0.0380285385817610, 0.0279899373940348, 3.3064422091930878, 1.4612825938767522,2.00, 0.1513205760000000
3.333333, 8.333333, 0.781228, 0.821362, 1.4196993336347670, 0.5233021486490927, 3.0665182592522466, 1.9029659062868307,0.0397104226224499, 0.0289498203226375, 3.2890233948736003, 1.4013665345495363,2.00, 0.1513205760000000
3.333333, 8.750000, 0.777178, 0.826792, 1.4256323738188534, 0.5339342274438124, 3.0764481420792791, 1.9222099811039983,0.0416049342767431, 0.0298594219992104, 3.2778160510593217, 1.3358711139200787,2.00, 0.1513205760000000
3.333333, 9.166667, 0.773201, 0.830039, 1.4337736515190409, 0.5456598245887685, 3.0762901869781873, 1.9479807580891479,0.0436999671436856, 0.0307087601572186, 3.2669288290100633, 1.2674240136113288,2.00, 0.1513205760000000
3.333333, 9.583333, 0.769264, 0.831529, 1.4395053839800998, 0.5572088693173115, 3.0643575002947876, 1.9686613056816231,0.0459867149783234, 0.0314984198835670, 3.2543227389316898, 1.1971477240902224,2.00, 0.1513205760000000
3.333333, 10.000000, 0.765342, 0.831676, 1.4418569637375656, 0.5683858028537451, 3.0506744055107222, 1.9822293746471169,0.0484578661601519, 0.0322348585925208, 3.2435227289927795, 1.1263878653915171,2.00, 0.1513205760000000
3.750000, 1.666667, 0.953008, 0.720213, 1.7431250360356598, 0.4710479728881506, 3.1480644698283031, 2.6795567161522880,0.0639321405914849, 0.1159336974292552, 3.2213884731907685, 1.8068115966951002,2.00, 0.1513205760000000
3.750000, 2.083333, 0.936758, 0.717532, 1.7388910117659904, 0.4605408065919246, 3.1469922002909096, 2.6605608697102872,0.0567536784789419, 0.0665326208405267, 3.2190582243053605, 1.8057847447543174,2.00, 0.1513205760000000
3.750000, 2.500000, 0.919477, 0.710788, 1.7296048030552247, 0.4585200696201661, 3.1431125891626799, 2.6335814513954610,0.0522512578956283, 0.0498551576479300, 3.2103977449250074, 1.8040307097933319,2.00, 0.1513205760000000
3.750000, 2.916667, 0.901824, 0.702566, 1.7082442023583702, 0.4645501623689988, 3.1461967879804549, 2.5868120848251510,0.0482904162405807, 0.0331519418625678, 3.2047124117568040, 1.8021777851693823,2.00, 0.1513205760000000
3.750000, 3.333333, 0.884530, 0.694883, 1.6810642577171355, 0.4732186288353242, 3.1622111170315454, 2.5303703571558107,0.0450805553740223, 0.0309347669304899, 3.2044017288008400, 1.7991019366856922,2.00, 0.1513205760000000
3.750000, 3.750000, 0.868230, 0.689082, 1.6481687526250126, 0.4821699007017576, 3.1731224717781594, 2.4606956943080611,0.0422242091430259, 0.0290202951087470, 3.2216294282805755, 1.7940007875305064,2.00, 0.1513205760000000
3.750000, 4.166667, 0.853434, 0.685985, 1.6129991789651807, 0.4893547498945536, 3.1718155241914316, 2.3840836493872373,0.0398105659520796, 0.0274133875244258, 3.2403525835674030, 1.7850048743075111,2.00, 0.1513205760000000
3.750000, 4.583333, 0.840418, 0.686072, 1.5774967405423996, 0.4939122930612867, 3.1641257433438925, 2.3029967335740009,0.0379256120892594, 0.0261816016709407, 3.2552821728282195, 1.7679840321924474,2.00, 0.1513205760000000
3.750000, 5.000000, 0.829209, 0.689976, 1.5425898662826636, 0.4959224265002110, 3.1374463604830574, 2.2196579108614678,0.0366065476987712, 0.0254190329335865, 3.2750858349428058, 1.7427313220250076,2.00, 0.1513205760000000
3.750000, 5.416667, 0.819697, 0.698032, 1.5094013349201836, 0.4959174792034027, 3.1153703475022105, 2.1383023469544362,0.0358602844595067, 0.0251638826661965, 3.3042392709989130, 1.7086144971164756,2.00, 0.1513205760000000
3.750000, 5.833333, 0.811665, 0.710183, 1.4809919296361851, 0.4950243359488087, 3.0952361590178659, 2.0656726602577393,0.0356525773207671, 0.0253870625843122, 3.3209494525862495, 1.6724507857302588,2.00, 0.1513205760000000
3.750000, 6.250000, 0.804826, 0.725392, 1.4565027682953118, 0.4940374405073665, 3.0837238581369211, 2.0001758317173310,0.0359206156315831, 0.0259965493260175, 3.3188634375531301, 1.6348475308346853,2.00, 0.1513205760000000
3.750000, 6.666667, 0.798929, 0.742011, 1.4380409573882298, 0.4941771638043591, 3.0702891121009253, 1.9478129928994139,0.0365959959188445, 0.0268850848076992, 3.3078940360148357, 1.5975295972078123,2.00, 0.1513205760000000
3.750000, 7.083333, 0.793743, 0.758462, 1.4253881202135406, 0.4961056220025321, 3.0587384346005768, 1.9099036944203613,0.0376264999192500, 0.0279327649849799, 3.2918189061145591, 1.5569829535852979,2.00, 0.1513205760000000
3.750000, 7.500000, 0.789061, 0.773353, 1.4222714393363363, 0.5014143490279563, 3.0462281522860377, 1.8980598213785502,0.0389651156750886, 0.0290388432440556, 3.2726829697831468, 1.5067765776086666,2.00, 0.1513205760000000
3.750000, 7.916667, 0.784734, 0.786050, 1.4257741216426392, 0.5093720101278060, 3.0433200571774179, 1.9052978491972450,0.0405735806179262, 0.0301447351357560, 3.2604987911339895, 1.4484782511534948,2.00, 0.1513205760000000
3.750000, 8.333333, 0.780646, 0.796219, 1.4296238773661620, 0.5180655261799326, 3.0488645064230235, 1.9167543056809877,0.0424294943495957, 0.0312068203804610, 3.2533909983862834, 1.3834845142531906,2.00, 0.1513205760000000
3.750000, 8.750000, 0.776707, 0.803779, 1.4365238557601394, 0.5281357751935999, 3.0576077348444608, 1.9375805581326861,0.0445113438894701, 0.0322036658475398, 3.2462964822621196, 1.3157793365163759,2.00, 0.1513205760000000
3.750000, 9.166667, 0.772861, 0.808871, 1.4421578415147682, 0.5383523686984200, 3.0597502980827418, 1.9569852719516108,0.0468072412448088, 0.0331312283892228, 3.2415723386273099, 1.2458253898612532,2.00, 0.1513205760000000
3.750000, 9.583333, 0.769075, 0.811875, 1.4465430558400714, 0.5487144628315449, 3.0474179130703085, 1.9734594981362605,0.0493093986816880, 0.0339935324428605, 3.2338284460205413, 1.1756827475011706,2.00, 0.1513205760000000
3.750000, 10.000000, 0.765320, 0.813248, 1.4486509391314959, 0.5589619285435504, 3.0331440438494814, 1.9850354217970680,0.0520123504111306, 0.0347983366134967, 3.2251579133129105, 1.1056636595888114,2.00, 0.1513205760000000
4.166667, 1.666667, 0.951926, 0.667246, 1.7589211475254669, 0.4446310956809285, 3.1299670764736303, 2.6942280966009768,0.0605268836844602, 0.1179622336344527, 3.1871251917672541, 1.7999777659828369,2.00, 0.1513205760000000
4.166667, 2.083333, 0.935351, 0.664173, 1.7484056684720770, 0.4457571078796539, 3.1343391064597186, 2.6684555142769186,0.0543213805571459, 0.0627289915160508, 3.1834320189998380, 1.7978476902170535,2.00, 0.1513205760000000
4.166667, 2.500000, 0.917896, 0.658337, 1.7325560132580293, 0.4515150669452465, 3.1426877564522138, 2.6336320664373472,0.0512624292490507, 0.0553218751733011, 3.1802742453728485, 1.7959571041650659,2.00, 0.1513205760000000
4.166667, 2.916667, 0.900192, 0.651948, 1.7072175032122667, 0.4610754452696253, 3.1513910804467087, 2.5812975516270833,0.0483050676912740, 0.0451326022114406, 3.1927786760557031, 1.7934970458670494,2.00, 0.1513205760000000
4.166667, 3.333333, 0.882912, 0.646426, 1.6777660113640784, 0.4709848523693196, 3.1631887791649467, 2.5198126639217535,0.0454615106826210, 0.0313227534614292, 3.2132002081967954, 1.7898551872143369,2.00, 0.1513205760000000
4.166667, 3.750000, 0.866629, 0.642985, 1.6449098362458945, 0.4798374407176512, 3.1678320450869184, 2.4502479325118043,0.0430970292375639, 0.0297011718399107, 3.2283993663269683, 1.7843672721340578,2.00, 0.1513205760000000
4.166667, 4.166667, 0.851800, 0.642294, 1.6102342355130590, 0.4864655588081553, 3.1683010104684621, 2.3736962240181785,0.0410370266518917, 0.0283795835247859, 3.2361867221683811, 1.7726627365730729,2.00, 0.1513205760000000
4.166667, 4.583333, 0.838678, 0.644694, 1.5756348279052068, 0.4904614402653723, 3.1519872592449318, 2.2945039470906070,0.0394200931152484, 0.0274410184553500, 3.2477371994310253, 1.7536800566251574,2.00, 0.1513205760000000
4.166667, 5.000000, 0.827291, 0.650562, 1.5432072746618013, 0.4922080305130503, 3.1318349044092937, 2.2163983125720339,0.0383374220687221, 0.0269576872567290, 3.2588757961673145, 1.7277995069477463,2.00, 0.1513205760000000
4.166667, 5.416667, 0.817551, 0.660008, 1.5130561140572891, 0.4923883831632081, 3.1218649740073863, 2.1418638577250073,0.0378183504542073, 0.0269573305228399, 3.2815187989259429, 1.6962008829986994,2.00, 0.1513205760000000
4.166667, 5.833333, 0.809270, 0.672922, 1.4871461970398594, 0.4918778070583177, 3.1068340288048808, 2.0747427926168744,0.0378342159563074, 0.0274046160274857, 3.2962793030674855, 1.6605277764428361,2.00, 0.1513205760000000
4.166667, 6.250000, 0.802187, 0.688926, 1.4646969662227736, 0.4912916559713961, 3.0869316114495109, 2.0142111106084788,0.0383224320757134, 0.0282048741175187, 3.2927638315477612, 1.6226901613154014,2.00, 0.1513205760000000
4.166667, 6.666667, 0.796069, 0.706638, 1.4497340651928030, 0.4921942451337866, 3.0726208761829912, 1.9710436598288672,0.0392114703624974, 0.0292573762403781, 3.2767258840321443, 1.5838523476167550,2.00, 0.1513205760000000
4.166667, 7.083333, 0.790696, 0.724546, 1.4383468342744770, 0.4942779879470866, 3.0530548864870228, 1.9357309053069764,0.0404497682344237, 0.0304488902126432, 3.2589072995426114, 1.5400291829394972,2.00, 0.1513205760000000
4.166667, 7.500000, 0.785865, 0.741318, 1.4346552975292399, 0.4989614535641130, 3.0354340168779919, 1.9213306139051050,0.0419939701223745, 0.0316834771031778, 3.2366149518438121, 1.4880993926214703,2.00, 0.1513205760000000
4.166667, 7.916667, 0.781429, 0.755979, 1.4366171818304401, 0.5058200649840173, 3.0327506396602497, 1.9244404910669710,0.0438131570503401, 0.0329037018707677, 3.2284335516414853, 1.4271186109312042,2.00, 0.1513205760000000
4.166667, 8.333333, 0.777269, 0.768151, 1.4422081337319879, 0.5142075393748902, 3.0349845495875356, 1.9391927885208002,0.0458897919369186, 0.0340695590773392, 3.2283072852773431, 1.3599236931884873,2.00, 0.1513205760000000
4.166667, 8.750000, 0.773291, 0.777687, 1.4461993498325139, 0.5227040785710286, 3.0439839804532092, 1.9518091514160154,0.0482087410131472, 0.0351591649054813, 3.2286963402945044, 1.2907951279781864,2.00, 0.1513205760000000
4.166667, 9.166667, 0.769437, 0.784614, 1.4515334864881035, 0.5319852254749006, 3.0468873445756715, 1.9696264743529934,0.0507587371451255, 0.0361745868704470, 3.2239794773252193, 1.2232259533167447,2.00, 0.1513205760000000
4.166667, 9.583333, 0.765667, 0.789214, 1.4550000259462814, 0.5412596282017581, 3.0481468356486618, 1.9839692854404773,0.0535300961747494, 0.0371280655430013, 3.2186414096139782, 1.1562978422067347,2.00, 0.1513205760000000
4.166667, 10.000000, 0.761952, 0.791930, 1.4560787870072713, 0.5504000551666232, 3.0441024306353599, 1.9926757244806899,0.0565164163951708, 0.0380336129751296, 3.2120010118328675, 1.0902315411857351,2.00, 0.1513205760000000
4.583333, 1.666667, 0.950869, 0.614639, 1.7664515284593489, 0.4342806676429031, 3.1286491748530678, 2.6991356576225005,0.0599002710306691, 0.1212843889989132, 3.1654602990013805, 1.7924823830899674,2.00, 0.1513205760000000
4.583333, 2.083333, 0.933978, 0.611720, 1.7513886478288625, 0.4409685181500450, 3.1391271961158593, 2.6676402887432018,0.0551087234643830, 0.0796855752961075, 3.1778963047676196, 1.7901679717118868,2.00, 0.1513205760000000
4.583333, 2.500000, 0.916337, 0.607224, 1.7315403007781109, 0.4496456684532943, 3.1500038295159181, 2.6271008060913861,0.0523754612263616, 0.0643092270177518, 3.1953865816517482, 1.7878930951608702,2.00, 0.1513205760000000
4.583333, 2.916667, 0.898552, 0.602677, 1.7040279668601692, 0.4603079356810705, 3.1544201222797352, 2.5708730614353108,0.0499092190596764, 0.0527755510731821, 3.2163122571286320, 1.7847137047574626,2.00, 0.1513205760000000
4.583333, 3.333333, 0.881235, 0.599118, 1.6740759191530823, 0.4700905547276528, 3.1561942931534794, 2.5082146767605642,0.0473283535298634, 0.0347202444779992, 3.2368262546453748, 1.7791199516700777,2.00, 0.1513205760000000
4.583333, 3.750000, 0.864883, 0.597706, 1.6428535725621081, 0.4781108253390248, 3.1597859610962233, 2.4408579460448903,0.0452000664992351, 0.0309980717578022, 3.2499056819705809, 1.7714062292340074,2.00, 0.1513205760000000
4.583333, 4.166667, 0.849899, 0.598963, 1.6084364232059185, 0.4841426549807954, 3.1569728670158614, 2.3650480098629991,0.0433258397236594, 0.0299192252227354, 3.2524613009290908, 1.7594438458426647,2.00, 0.1513205760000000
4.583333, 4.583333, 0.836518, 0.603099, 1.5758077389853249, 0.4876871498851982, 3.1502711393389271, 2.2898831360496521,0.0418498428373299, 0.0292655970893761, 3.2403568134191305, 1.7421297096455486,2.00, 0.1513205760000000
4.583333, 5.000000, 0.824778, 0.610441, 1.5439734246347099, 0.4892488471495858, 3.1368785194019710, 2.2137171908433433,0.0409040796921738, 0.0290928558055211, 3.2413043834038446, 1.7158656379271688,2.00, 0.1513205760000000
4.583333, 5.416667, 0.814624, 0.620931, 1.5165647661503601, 0.4895215444377732, 3.1271964056311883, 2.1456093343496043,0.0405438431839648, 0.0293909751000958, 3.2538592311901375, 1.6847084314668870,2.00, 0.1513205760000000
4.583333, 5.833333, 0.805901, 0.634484, 1.4915158787081924, 0.4890213022768081, 3.1104467087121557, 2.0798190978856681,0.0407433487154045, 0.0301019476797202, 3.2642244631138833, 1.6496513026239246,2.00, 0.1513205760000000
4.583333, 6.250000, 0.798381, 0.650833, 1.4721951138106151, 0.4889177032388820, 3.0899470486139955, 2.0263734313042026,0.0414347168424324, 0.0311222906768613, 3.2613360577829393, 1.6108777846143192,2.00, 0.1513205760000000
4.583333, 6.666667, 0.791854, 0.668950, 1.4607773360937359, 0.4904454054427458, 3.0618165928348038, 1.9916366267384462,0.0425429121529030, 0.0323511738067781, 3.2530680984719251, 1.5678187998466349,2.00, 0.1513205760000000
4.583333, 7.083333, 0.786116, 0.687563, 1.4523556522540904, 0.4930289212092138, 3.0481136395275343, 1.9639688293536188,0.0440069303885080, 0.0336925249169356, 3.2324616005257614, 1.5211413983896309,2.00, 0.1513205760000000
4.583333, 7.500000, 0.780969, 0.705566, 1.4473702071870285, 0.4969517959015008, 3.0278339656923494, 1.9465353995023134,0.0457838484981747, 0.0350585118140408, 3.2033942206891499, 1.4679965545237998,2.00, 0.1513205760000000
4.583333, 7.916667, 0.776268, 0.721945, 1.4485983508872664, 0.5029802562626816, 3.0195567251853928, 1.9468089082608242,0.0478487336885984, 0.0363950989441955, 3.2032253968787763, 1.4065560412304980,2.00, 0.1513205760000000
4.583333, 8.333333, 0.771892, 0.736026, 1.4527417855695470, 0.5102468739635594, 3.0137032802807311, 1.9568270325044224,0.0501835460977407, 0.0376736395426985, 3.2113710087003153, 1.3409973255084671,2.00, 0.1513205760000000
4.583333, 8.750000, 0.767742, 0.747551, 1.4584571252723961, 0.5183274491519744, 3.0147574219781772, 1.9725282270404798,0.0527745796016659, 0.0388794288921878, 3.2122518527288548, 1.2735973337373128,2.00, 0.1513205760000000
4.583333, 9.166667, 0.763755, 0.756398, 1.4617796343497240, 0.5263040942908122, 3.0162654218551919, 1.9843081706018153,0.0556180674609931, 0.0400123492595639, 3.2115231119857257, 1.2054924572231469,2.00, 0.1513205760000000
4.583333, 9.583333, 0.759888, 0.762733, 1.4643200083816246, 0.5345161354321523, 3.0162241920406121, 1.9951649595867624,0.0587064875009635, 0.0410874335114298, 3.2075798323523808, 1.1394221422551321,2.00, 0.1513205760000000
4.583333, 10.000000, 0.756106, 0.766981, 1.4642348855098697, 0.5425537476829256, 3.0197807423226926, 2.0005529207682033,0.0620319628035828, 0.0421253694982180, 3.2028548781676749, 1.0744341828092228,2.00, 0.1513205760000000
5.000000, 1.666667, 0.949941, 0.564158, 1.7689357702429263, 0.4315102580579301, 3.1455842646761232, 2.6956581970936071,0.0629156272734517, 0.1357868620749292, 3.1895388263718440, 1.7831020431630347,2.00, 0.1513205760000000
5.000000, 2.083333, 0.932751, 0.561589, 1.7506729892297097, 0.4401743835851490, 3.1561449889520357, 2.6600118970312732,0.0583702549411186, 0.0953485821421806, 3.2038319710609109, 1.7784411370632043,2.00, 0.1513205760000000
5.000000, 2.500000, 0.914945, 0.558355, 1.7285195195779766, 0.4498763293695587, 3.1677299791818849, 2.6157680097118199,0.0556424381880376, 0.0733600632697362, 3.2181839506163308, 1.7730508058879901,2.00, 0.1513205760000000
5.000000, 2.916667, 0.897095, 0.555367, 1.6999179708972811, 0.4605636216761630, 3.1702507004699831, 2.5573871741137544,0.0534635789489532, 0.0618838527849597, 3.2291598247608526, 1.7680508941550839,2.00, 0.1513205760000000
5.000000, 3.333333, 0.879728, 0.553349, 1.6704251093114728, 0.4696810211895888, 3.1652215732753382, 2.4953919144577363,0.0511595897432861, 0.0496350589026558, 3.2443942010368496, 1.7624311656273801,2.00, 0.1513205760000000
5.000000, 3.750000, 0.863252, 0.553344, 1.6399753639805874, 0.4769237836173981, 3.1680581353357349, 2.4296796054495804,0.0487572428792306, 0.0331730275654294, 3.2506059562202472, 1.7556704772131977,2.00, 0.1513205760000000
5.000000, 4.166667, 0.848022, 0.555717, 1.6075922913980387, 0.4822762651786638, 3.1642713514729883, 2.3580696628524382,0.0469119035557807, 0.0322341445620334, 3.2511834991213773, 1.7446159645928723,2.00, 0.1513205760000000
5.000000, 4.583333, 0.834260, 0.560569, 1.5752993782090501, 0.4854921903717390, 3.1556860116186511, 2.2845231201101903,0.0454580515758647, 0.0318347460633954, 3.2399782250370208, 1.7288212964090686,2.00, 0.1513205760000000
5.000000, 5.000000, 0.822024, 0.568405, 1.5457705674163935, 0.4868823843183718, 3.1419521360683484, 2.2132818488017176,0.0445721855804127, 0.0319753406216153, 3.2303307191937827, 1.7060826716784170,2.00, 0.1513205760000000
5.000000, 5.416667, 0.811294, 0.579207, 1.5189298790793102, 0.4870389997950552, 3.1247244530125173, 2.1457084799019861,0.0443107320971270, 0.0326048278925144, 3.2281743400313370, 1.6771863093503396,2.00, 0.1513205760000000
5.000000, 5.833333, 0.801958, 0.592856, 1.4972561948243364, 0.4868867467076729, 3.1080049658467712, 2.0880519212424571,0.0446419626362814, 0.0336277619582888, 3.2251605719902501, 1.6418029548591897,2.00, 0.1513205760000000
5.000000, 6.250000, 0.793822, 0.609262, 1.4813905985566276, 0.4873209851839854, 3.0808956844763489, 2.0427446962940401,0.0454976571115221, 0.0349118030351641, 3.2316611731253828, 1.6002526370016770,2.00, 0.1513205760000000
5.000000, 6.666667, 0.786707, 0.627576, 1.4717805886234221, 0.4890443189219501, 3.0495081567035394, 2.0118569333187653,0.0468036500598093, 0.0363470519704673, 3.2251453101765923, 1.5551903601545563,2.00, 0.1513205760000000
5.000000, 7.083333, 0.780426, 0.646721, 1.4649400612219370, 0.4917093460179436, 3.0293305695662891, 1.9885057426628443,0.0484919294688495, 0.0378519796761828, 3.2089456459498202, 1.5055943127303681,2.00, 0.1513205760000000
5.000000, 7.500000, 0.774794, 0.665756, 1.4609810812876407, 0.4954712667996384, 3.0089063431464438, 1.9725900114982242,0.0505116195402111, 0.0393593954630928, 3.1875181447504279, 1.4511430222550479,2.00, 0.1513205760000000
5.000000, 7.916667, 0.769666, 0.683592, 1.4614971862998365, 0.5007326622044069, 2.9967445244757998, 1.9707234881232805,0.0528423764758987, 0.0408227175852793, 3.1850650719407154, 1.3892760330810467,2.00, 0.1513205760000000
5.000000, 8.333333, 0.764923, 0.699503, 1.4659277568346343, 0.5073183080692295, 2.9837870435995089, 1.9805474463101822,0.0554684324045630, 0.0422223086351299, 3.1942986280858516, 1.3240252986735466,2.00, 0.1513205760000000
5.000000, 8.750000, 0.760461, 0.713026, 1.4696633761131457, 0.5141770612858368, 2.9817146634116263, 1.9904787299978368,0.0583747135520042, 0.0435548407448394, 3.2012275073544503, 1.2577228118373516,2.00, 0.1513205760000000
5.000000, 9.166667, 0.756212, 0.723858, 1.4732999540891305, 0.5214012772573902, 2.9848154677712508, 2.0025271054661742,0.0615584619967594, 0.0448271083144096, 3.2042444582278891, 1.1904105528559763,2.00, 0.1513205760000000
5.000000, 9.583333, 0.752128, 0.732118, 1.4737815702474601, 0.5283941719948135, 2.9895870367754012, 2.0082080806465599,0.0650191307842040, 0.0460501636407201, 3.2011114381578523, 1.1230936113873105,2.00, 0.1513205760000000
5.000000, 10.000000, 0.748168, 0.738179, 1.4716559175487542, 0.5352272715357119, 2.9948001288317396, 2.0080372629455305,0.0687517424520564, 0.0472440647179064, 3.1968278778589081, 1.0578719686110494,2.00, 0.1513205760000000
5.416667, 1.666667, 0.949195, 0.517614, 1.7669901596649735, 0.4319021867446221, 3.1600977924294611, 2.6860049460568209,0.0700521994110359, 0.1617478060710241, 3.1978242627912481, 1.7675386219952818,2.00, 0.1513205760000000
5.416667, 2.083333, 0.931768, 0.515104, 1.7471958210842895, 0.4412385121604492, 3.1684812934696569, 2.6471522613526730,0.0647459507876427, 0.1163375381898145, 3.2081338924925613, 1.7608510764354952,2.00, 0.1513205760000000
5.416667, 2.500000, 0.913873, 0.512481, 1.7244786140733337, 0.4509187745420264, 3.1717449099185822, 2.6027056073831925,0.0616761215373208, 0.0901106222891867, 3.2181292056251549, 1.7555698465553846,2.00, 0.1513205760000000
5.416667, 2.916667, 0.896011, 0.510332, 1.6962858463847041, 0.4609764275868254, 3.1735965717109393, 2.5450930925043997,0.0591389346588756, 0.0721190178653902, 3.2273351914988861, 1.7515959625421529,2.00, 0.1513205760000000
5.416667, 3.333333, 0.878599, 0.509114, 1.6672943680876984, 0.4693144686931842, 3.1767176118646834, 2.4837370098256533,0.0567715949275769, 0.0609652476154378, 3.2315508930815326, 1.7472950006889676,2.00, 0.1513205760000000
5.416667, 3.750000, 0.861961, 0.509644, 1.6382682508581166, 0.4757776037685634, 3.1780348506622924, 2.4206473832543809,0.0540511519790534, 0.0408149614512822, 3.2290715717657608, 1.7420762387168203,2.00, 0.1513205760000000
5.416667, 4.166667, 0.846416, 0.512177, 1.6057971223788279, 0.4807395474851588, 3.1659075220813810, 2.3492935111709734,0.0520057850398601, 0.0356374547094052, 3.2295678796803102, 1.7338085366585370,2.00, 0.1513205760000000
5.416667, 4.583333, 0.832188, 0.516921, 1.5761942119597008, 0.4835783177064583, 3.1521228505332446, 2.2815863133207746,0.0504994105686652, 0.0354258438927438, 3.2236938587355843, 1.7209679225943697,2.00, 0.1513205760000000
5.416667, 5.000000, 0.819355, 0.524497, 1.5481732483589639, 0.4848641685942230, 3.1338339440050573, 2.2137280959804007,0.0496080390487402, 0.0358843269161996, 3.2104877283703881, 1.7010585626629739,2.00, 0.1513205760000000
5.416667, 5.416667, 0.807935, 0.534898, 1.5219022049489126, 0.4849818894797685, 3.1190856163744196, 2.1472497111840574,0.0493879038893440, 0.0368640919792339, 3.2051055156366197, 1.6733977050337583,2.00, 0.1513205760000000
5.416667, 5.833333, 0.797859, 0.548121, 1.5036558787845229, 0.4851971726377297, 3.0948005895402972, 2.0978432671052758,0.0498013737456723, 0.0382090053357566, 3.1923251071945589, 1.6384898966322574,2.00, 0.1513205760000000
5.416667, 6.250000, 0.788969, 0.564272, 1.4913652360839502, 0.4861426215550861, 3.0634102397418208, 2.0604146979248501,0.0507692245870597, 0.0397688662311715, 3.2005468619353223, 1.5955976177286733,2.00, 0.1513205760000000
5.416667, 6.666667, 0.781120, 0.582536, 1.4815467146095826, 0.4876785343780914, 3.0352422723542700, 2.0286284701831692,0.0522250592919529, 0.0414219501987524, 3.2020029951621636, 1.5472359811668104,2.00, 0.1513205760000000
5.416667, 7.083333, 0.774147, 0.601938, 1.4786006092395045, 0.4908252500456945, 3.0075059912711395, 2.0148029012607687,0.0541077096470322, 0.0430905016926507, 3.1948064805872454, 1.4939230737649858,2.00, 0.1513205760000000
5.416667, 7.500000, 0.767876, 0.621787, 1.4755453448833229, 0.4944047831992615, 2.9898143933023134, 2.0009054334359151,0.0563609861360225, 0.0447291396413893, 3.1842042269183852, 1.4369623018280688,2.00, 0.1513205760000000
5.416667, 7.916667, 0.762173, 0.640949, 1.4751587823364378, 0.4989513302169344, 2.9755086220770717, 1.9961808745635345,0.0589601092394850, 0.0463135886179566, 3.1796338581420769, 1.3756876047287361,2.00, 0.1513205760000000
5.416667, 8.333333, 0.756918, 0.658561, 1.4778837134679323, 0.5045246735150886, 2.9701455795449148, 2.0031364175715360,0.0618949647866040, 0.0478302187552212, 3.1850797769161709, 1.3099370173629494,2.00, 0.1513205760000000
5.416667, 8.750000, 0.752007, 0.674127, 1.4817045090159744, 0.5106789599744179, 2.9665925421828434, 2.0135728933048349,0.0651493024659772, 0.0492863993055850, 3.1929079674472622, 1.2438369297412375,2.00, 0.1513205760000000
5.416667, 9.166667, 0.747368, 0.687137, 1.4849668102077433, 0.5170741288830102, 2.9695702783357194, 2.0234103218574075,0.0687166701153545, 0.0507008357186257, 3.1995203876099865, 1.1767888964355615,2.00, 0.1513205760000000
5.416667, 9.583333, 0.742947, 0.697519, 1.4828346532577386, 0.5228909187230555, 2.9744874293700718, 2.0218185631313093,0.0725985806894685, 0.0520858366944215, 3.2008384505817022, 1.1089866156217318,2.00, 0.1513205760000000
5.416667, 10.000000, 0.738698, 0.705617, 1.4798640319612832, 0.5288425208609518, 2.9781262280279606, 2.0195361565354459,0.0767969379847590, 0.0534536269704740, 3.1972438790207565, 1.0423923897062994,2.00, 0.1513205760000000
5.833333, 1.666667, 0.948675, 0.475359, 1.7636333916766327, 0.4333077612112067, 3.1585198235965852, 2.6743095705477997,0.0823576533136593, 0.1995315064080555, 3.1882778583199181, 1.7546762770778959,2.00, 0.1513205760000000
5.833333, 2.083333, 0.931151, 0.472626, 1.7446616180311909, 0.4420391843178181, 3.1640357760269375, 2.6373786169136313,0.0747692972984292, 0.1423914376401519, 3.1985086090583246, 1.7491629266169693,2.00, 0.1513205760000000
5.833333, 2.500000, 0.913286, 0.470006, 1.7209607488769021, 0.4515888057861924, 3.1657058902551687, 2.5906560723201619,0.0707430596493709, 0.1107845700341109, 3.2025033774424827, 1.7447256216897471,2.00, 0.1513205760000000
5.833333, 2.916667, 0.895454, 0.467884, 1.6934399073483226, 0.4608439927127277, 3.1648587763578901, 2.5338966203287900,0.0674781650778389, 0.0888897367929969, 3.2054212228957120, 1.7414801058193730,2.00, 0.1513205760000000
5.833333, 3.333333, 0.877974, 0.466540, 1.6658227355925661, 0.4684026327348512, 3.1622397690827668, 2.4759497180750722,0.0644612746265638, 0.0734581222545158, 3.2051047871869121, 1.7383543906182966,2.00, 0.1513205760000000
5.833333, 3.750000, 0.861123, 0.466663, 1.6358798426950594, 0.4746628269744836, 3.1546924874195232, 2.4111259176118343,0.0615368991125856, 0.0593068711160177, 3.2060591407168997, 1.7351295438350685,2.00, 0.1513205760000000
5.833333, 4.166667, 0.845208, 0.468517, 1.6057113252510882, 0.4791096238385158, 3.1463103456237249, 2.3442030125881761,0.0588537963692145, 0.0406921364183863, 3.2022974637430353, 1.7301744935782017,2.00, 0.1513205760000000
5.833333, 4.583333, 0.830459, 0.472364, 1.5777107858007597, 0.4817465323340774, 3.1346751822830079, 2.2798589592984957,0.0572809644765258, 0.0405980616483492, 3.1947770068792916, 1.7206446468865457,2.00, 0.1513205760000000
5.833333, 5.000000, 0.816972, 0.478918, 1.5516690125649251, 0.4830407128628343, 3.1189463150261454, 2.2162875067212204,0.0563676146304960, 0.0413120897602429, 3.1815153644900636, 1.7011261175473980,2.00, 0.1513205760000000
5.833333, 5.416667, 0.804800, 0.488433, 1.5285006847114917, 0.4834554827866549, 3.1004244273441692, 2.1567845310223657,0.0561406049761888, 0.0425914268269348, 3.1725185108279574, 1.6720061736144387,2.00, 0.1513205760000000
5.833333, 5.833333, 0.793909, 0.500915, 1.5127507773575029, 0.4840209561259441, 3.0816782871896939, 2.1133588978688693,0.0565711056194907, 0.0442042276101982, 3.1605093146222654, 1.6366545819285687,2.00, 0.1513205760000000
5.833333, 6.250000, 0.784180, 0.516442, 1.5002364147123888, 0.4849190535719157, 3.0544738862051721, 2.0756203635160415,0.0575859246899915, 0.0459766798142400, 3.1684447299066334, 1.5945746459398680,2.00, 0.1513205760000000
5.833333, 6.666667, 0.775495, 0.534334, 1.4914652527418117, 0.4865125714366183, 3.0345026950650542, 2.0474449824709371,0.0591235182126801, 0.0477973074372858, 3.1824000769724208, 1.5446559724173812,2.00, 0.1513205760000000
5.833333, 7.083333, 0.767717, 0.553713, 1.4891400683885982, 0.4894787033303928, 3.0108447291845084, 2.0352594646217028,0.0611420222264231, 0.0495887874521831, 3.1888420824873753, 1.4870130240312942,2.00, 0.1513205760000000
5.833333, 7.500000, 0.760687, 0.573989, 1.4888532090560269, 0.4931904690331861, 2.9974685583955925, 2.0290320857517665,0.0635940555586998, 0.0513157164882730, 3.1894893901219130, 1.4263594646560356,2.00, 0.1513205760000000
5.833333, 7.916667, 0.754283, 0.594157, 1.4871777605331309, 0.4970727180158591, 2.9859474084481668, 2.0214457923833242,0.0664460577090696, 0.0529840008521007, 3.1866969085272965, 1.3640865845454879,2.00, 0.1513205760000000
5.833333, 8.333333, 0.748390, 0.613260, 1.4895733667253239, 0.5020175083185010, 2.9750987136920095, 2.0264280781346451,0.0696840170732258, 0.0545978724343833, 3.1868090395517199, 1.2991460018419789,2.00, 0.1513205760000000
5.833333, 8.750000, 0.742904, 0.630750, 1.4924217690409818, 0.5073752575262825, 2.9731782675551330, 2.0352376101600482,0.0732965024782100, 0.0561658297871087, 3.1914739961172218, 1.2320840973659668,2.00, 0.1513205760000000
5.833333, 9.166667, 0.737752, 0.645998, 1.4941407927622519, 0.5128690482872912, 2.9762104502359703, 2.0419151545211913,0.0772758657335383, 0.0577119299666223, 3.1967584561851354, 1.1650134212199779,2.00, 0.1513205760000000
5.833333, 9.583333, 0.732877, 0.658733, 1.4918746620423178, 0.5180501753661179, 2.9794619674816181, 2.0389816391196227,0.0816176118464810, 0.0592566631222645, 3.2004496872784314, 1.0972752886424044,2.00, 0.1513205760000000
5.833333, 10.000000, 0.728229, 0.669140, 1.4881789879593084, 0.5232455307328256, 2.9800308734154211, 2.0333558264237297,0.0863257630383014, 0.0608078725555750, 3.1996786245106521, 1.0295434665715066,2.00, 0.1513205760000000
6.250000, 1.666667, 0.948506, 0.436972, 1.7599573897868344, 0.4346641116456351, 3.1482550221543479, 2.6619930623367232,0.1032000739171349, 0.2589161360419568, 3.1592774178510337, 1.7503373405942169,2.00, 0.1513205760000000
6.250000, 2.083333, 0.931072, 0.433873, 1.7399597515817835, 0.4432926174146612, 3.1519700939952573, 2.6233715600094847,0.0918438741712392, 0.1943809997376308, 3.1685799277650211, 1.7454925348831627,2.00, 0.1513205760000000
6.250000, 2.500000, 0.913290, 0.430899, 1.7174343711534279, 0.4518654464201676, 3.1521447452648244, 2.5782306474595971,0.0845942889393483, 0.1488533875180716, 3.1787728530068633, 1.7413069775454622,2.00, 0.1513205760000000
6.250000, 2.916667, 0.895439, 0.428233, 1.6914550493171796, 0.4602805225896067, 3.1459730328032620, 2.5252680700489485,0.0788383370147827, 0.1123679846859749, 3.1825768153625069, 1.7385338974464111,2.00, 0.1513205760000000
6.250000, 3.333333, 0.877819, 0.426059, 1.6634980172261160, 0.4676052669681336, 3.1379011723757593, 2.4666140040516393,0.0745303308454446, 0.0896684545685882, 3.1843821947233888, 1.7371113341290774,2.00, 0.1513205760000000
6.250000, 3.750000, 0.860694, 0.425036, 1.6346882579984654, 0.4734293530742632, 3.1333855559162926, 2.4041490887023205,0.0711960719326119, 0.0759487651974896, 3.1826857901021470, 1.7341346264966500,2.00, 0.1513205760000000
6.250000, 4.166667, 0.844367, 0.425463, 1.6061272700225633, 0.4775557390976777, 3.1293972950578510, 2.3408595528592304,0.0683242737115103, 0.0596321359321759, 3.1750867963691358, 1.7285354371285766,2.00, 0.1513205760000000
6.250000, 4.583333, 0.829071, 0.427712, 1.5802988374463827, 0.4800709659609393, 3.1141654599551987, 2.2803403932677719,0.0663311567138558, 0.0483036291095744, 3.1583223900860382, 1.7171200134174409,2.00, 0.1513205760000000
6.250000, 5.000000, 0.814912, 0.432621, 1.5562572124699663, 0.4814562229662835, 3.0980192117769079, 2.2210503546282210,0.0653809097803663, 0.0490580207323560, 3.1420364422526394, 1.6965229197818339,2.00, 0.1513205760000000
6.250000, 5.416667, 0.801968, 0.440581, 1.5361718526757822, 0.4821876520482105, 3.0831623941844595, 2.1682962712620282,0.0650755448151691, 0.0504349590999947, 3.1331279842945476, 1.6693316725028897,2.00, 0.1513205760000000
6.250000, 5.833333, 0.790238, 0.451703, 1.5200495934228191, 0.4828003329242040, 3.0677857327376690, 2.1242224199989002,0.0654157330804955, 0.0521443698611571, 3.1342474977908421, 1.6334074343544789,2.00, 0.1513205760000000
6.250000, 6.250000, 0.779627, 0.466134, 1.5079497975667608, 0.4837386463790502, 3.0475829411813384, 2.0885409364911962,0.0663834053315839, 0.0539566423446873, 3.1445905232590454, 1.5907760509298763,2.00, 0.1513205760000000
6.250000, 6.666667, 0.770051, 0.483202, 1.4998801908323691, 0.4853279579607773, 3.0392387966302987, 2.0623304800561044,0.0679278103269936, 0.0557852242244916, 3.1639928554551617, 1.5417012964029271,2.00, 0.1513205760000000
6.250000, 7.083333, 0.761396, 0.502115, 1.4964554849874814, 0.4878746282522778, 3.0262613056728953, 2.0480472720182683,0.0700076242994383, 0.0575858988747084, 3.1838035697522660, 1.4858181892704885,2.00, 0.1513205760000000
6.250000, 7.500000, 0.753521, 0.522347, 1.4975792306145672, 0.4914609056124503, 3.0144429905802794, 2.0469998818567974,0.0725897462878946, 0.0593279978824771, 3.1990495212851249, 1.4214419458689864,2.00, 0.1513205760000000
6.250000, 7.916667, 0.746316, 0.542994, 1.4986769126273067, 0.4953891343238712, 3.0103508836001303, 2.0475807281002156,0.0756571906923147, 0.0610151990427158, 3.1987773222643616, 1.3557288772890035,2.00, 0.1513205760000000
6.250000, 8.333333, 0.739678, 0.563173, 1.4994100606838110, 0.4995978685834008, 3.0086672044978395, 2.0485394401940771,0.0791802009622865, 0.0626796338578267, 3.1961572531746314, 1.2906575022835851,2.00, 0.1513205760000000
6.250000, 8.750000, 0.733505, 0.582297, 1.5009697690924657, 0.5042329250773582, 3.0101192308518505, 2.0540733688469257,0.0831440990747553, 0.0643358699083628, 3.1949125338341533, 1.2240408093996002,2.00, 0.1513205760000000
6.250000, 9.166667, 0.727727, 0.599652, 1.5018204594860993, 0.5090478802163356, 3.0166501146870681, 2.0589530994913656,0.0875444119390957, 0.0660021629171326, 3.1966838197805458, 1.1562093305318861,2.00, 0.1513205760000000
6.250000, 9.583333, 0.722287, 0.614812, 1.5012773291454686, 0.5139223059291432, 3.0274408908286334, 2.0611772838558045,0.0923744433756945, 0.0676957290162352, 3.1997092056770753, 1.0880221977801330,2.00, 0.1513205760000000
6.250000, 10.000000, 0.717130, 0.627778, 1.4982812997352630, 0.5186663861878580, 3.0401264128211944, 2.0580828198065380,0.0976311302600313, 0.0694267215278092, 3.2009460365489653, 1.0200121584756843,2.00, 0.1513205760000000
6.666667, 1.666667, 0.948859, 0.402556, 1.7561173459234425, 0.4354526922948361, 3.1303056144159220, 2.6497710708849023,0.1402289973992392, 0.3560715862075149, 3.1228634656031908, 1.7547700269132385,2.00, 0.1513205760000000
6.666667, 2.083333, 0.931538, 0.398987, 1.7358405688284322, 0.4438219476552712, 3.1361183967434241, 2.6101618873161283,0.1195390222988846, 0.2739619954357930, 3.1419519609131656, 1.7526854887036605,2.00, 0.1513205760000000
6.666667, 2.500000, 0.913738, 0.395343, 1.7139691217665565, 0.4518616582649527, 3.1387924597375880, 2.5664483824380495,0.1047356428677202, 0.2052281249951582, 3.1585527692132214, 1.7481495867723951,2.00, 0.1513205760000000
6.666667, 2.916667, 0.895768, 0.391732, 1.6882418022912324, 0.4598626913668371, 3.1367422725317429, 2.5142837123369595,0.0956628329634958, 0.1601306300899434, 3.1664841817129825, 1.7444404270305454,2.00, 0.1513205760000000
6.666667, 3.333333, 0.877942, 0.388332, 1.6625905365411413, 0.4664649698383108, 3.1300676004541130, 2.4605296588348371,0.0886556617676523, 0.1192162550083858, 3.1675506323711975, 1.7392348261324191,2.00, 0.1513205760000000
6.666667, 3.750000, 0.860514, 0.385781, 1.6345192056290179, 0.4720535214453323, 3.1233153824902793, 2.3993862835697359,0.0843300750581930, 0.0981737346967865, 3.1630777201195275, 1.7346086858880985,2.00, 0.1513205760000000
6.666667, 4.166667, 0.843778, 0.384459, 1.6082369145063977, 0.4759306189119064, 3.1122991566301712, 2.3402765782107373,0.0812630395776321, 0.0855857803950941, 3.1515931361449177, 1.7252112918607652,2.00, 0.1513205760000000
6.666667, 4.583333, 0.827959, 0.384830, 1.5843936388389213, 0.4784408528531829, 3.0944170881353856, 2.2839524629237351,0.0786482931467542, 0.0686711728340156, 3.1326760658267010, 1.7093410335186210,2.00, 0.1513205760000000
6.666667, 5.000000, 0.813167, 0.387762, 1.5619720350818869, 0.4799827391864123, 3.0738754857371835, 2.2276204919287488,0.0771300425715032, 0.0603007840965278, 3.1191506945435536, 1.6873689560832537,2.00, 0.1513205760000000
6.666667, 5.416667, 0.799494, 0.393639, 1.5424267685861610, 0.4808830504856581, 3.0603407836870691, 2.1765498081334740,0.0766237812869708, 0.0612727079083426, 3.1159122369521692, 1.6588569222036562,2.00, 0.1513205760000000
6.666667, 5.833333, 0.786960, 0.402655, 1.5271354407109887, 0.4816513543229327, 3.0526176321024581, 2.1348913107829781,0.0767706971945810, 0.0626251721723884, 3.1214940854821602, 1.6240063623587799,2.00, 0.1513205760000000
6.666667, 6.250000, 0.775494, 0.415095, 1.5149841980659662, 0.4825961237111036, 3.0373232912109405, 2.0989556319393792,0.0775709773150088, 0.0641333984556855, 3.1348508788585394, 1.5823543136047507,2.00, 0.1513205760000000
6.666667, 6.666667, 0.765036, 0.430444, 1.5076514500653784, 0.4841941893670035, 3.0339038870811588, 2.0758716932872270,0.0790132188223994, 0.0657030751350656, 3.1535177165759110, 1.5347888784363837,2.00, 0.1513205760000000
6.666667, 7.083333, 0.755494, 0.448057, 1.5033172097660314, 0.4864219700754150, 3.0260721566474134, 2.0600761396086789,0.0810656878937594, 0.0673055578367208, 3.1728984353577734, 1.4814216240210674,2.00, 0.1513205760000000
6.666667, 7.500000, 0.746746, 0.467501, 1.5053298603855494, 0.4898205034021263, 3.0203620530402002, 2.0620438879070102,0.0836954603542217, 0.0689213133941688, 3.1952741035883703, 1.4219801345518190,2.00, 0.1513205760000000
6.666667, 7.916667, 0.738697, 0.487905, 1.5084896623856952, 0.4936582380583781, 3.0150385893680065, 2.0679110071999363,0.0868993773427480, 0.0705461163601682, 3.2097111182551030, 1.3537851113390953,2.00, 0.1513205760000000
6.666667, 8.333333, 0.731256, 0.508479, 1.5107244607636992, 0.4976512324429715, 3.0318677280011905, 2.0748039661897990,0.0906648526328136, 0.0721889350011813, 3.2071097907162658, 1.2856176214334576,2.00, 0.1513205760000000
6.666667, 8.750000, 0.724328, 0.528713, 1.5092846218503544, 0.5014639707186781, 3.0521477690122394, 2.0723698347349355,0.0949578427395376, 0.0738795867179545, 3.2019801367059424, 1.2182370444296027,2.00, 0.1513205760000000
6.666667, 9.166667, 0.717848, 0.547819, 1.5090764998055821, 0.5056718916382021, 3.0674051457788054, 2.0744254890765301,0.0997700127989243, 0.0756303008731481, 3.1982316205229191, 1.1498651113509575,2.00, 0.1513205760000000
6.666667, 9.583333, 0.711761, 0.565208, 1.5082095090607881, 0.5100135922770469, 3.0819978783011557, 2.0755984533214864,0.1050915681711809, 0.0774479223112532, 3.1996278344680640, 1.0805961023602613,2.00, 0.1513205760000000
6.666667, 10.000000, 0.706013, 0.580709, 1.5091925348770112, 0.5147556398017437, 3.0987694313882366, 2.0817907037447876,0.1109168176111178, 0.0793315104250197, 3.2027410199651016, 1.0116767578934072,2.00, 0.1513205760000000
7.083333, 1.666667, 0.949523, 0.372155, 1.7517796766288023, 0.4360770736273595, 3.1257356292154257, 2.6373166400116790,0.2047344908264765, 0.4945229385878621, 3.0989702816014129, 1.7642841843871138,2.00, 0.1513205760000000
7.083333, 2.083333, 0.932160, 0.367882, 1.7315047453655334, 0.4442238942007581, 3.1283649273822829, 2.5974768277786415,0.1688845493887415, 0.3986776882016363, 3.1258235327775958, 1.7630365925098177,2.00, 0.1513205760000000
7.083333, 2.500000, 0.914243, 0.363239, 1.7093155089585528, 0.4520644000294621, 3.1285276935668458, 2.5527549050637282,0.1419643631254327, 0.3104366748481348, 3.1444176496982053, 1.7558244126936282,2.00, 0.1513205760000000
7.083333, 2.916667, 0.896111, 0.358425, 1.6859594891965288, 0.4591277514751581, 3.1278850793161492, 2.5053289453256045,0.1251966548026958, 0.2470359865181835, 3.1558039017201907, 1.7491029608341155,2.00, 0.1513205760000000
7.083333, 3.333333, 0.878076, 0.353697, 1.6609739905678966, 0.4654283280193695, 3.1187588077926951, 2.4522613088027634,0.1136251978848065, 0.1976127675150464, 3.1572414405464451, 1.7409024499661092,2.00, 0.1513205760000000
7.083333, 3.750000, 0.860374, 0.349656, 1.6358437821287621, 0.4704814599685638, 3.1098046443327072, 2.3972283948905062,0.1050389930189909, 0.1550676092360661, 3.1477754251580135, 1.7290438445591458,2.00, 0.1513205760000000
7.083333, 4.166667, 0.843282, 0.346720, 1.6109764406227340, 0.4742724175368465, 3.0946198534784304, 2.3407767955115344,0.0990788818685310, 0.1222298310315231, 3.1310284286117640, 1.7142401604251845,2.00, 0.1513205760000000
7.083333, 4.583333, 0.827016, 0.345347, 1.5876334650289237, 0.4768549638078035, 3.0745232351079874, 2.2851817424944012,0.0953861795537009, 0.1031436733533743, 3.1154884536915093, 1.6959485794558238,2.00, 0.1513205760000000
7.083333, 5.000000, 0.811677, 0.346313, 1.5668651897526842, 0.4785061165892079, 3.0560016313490945, 2.2331206240019559,0.0926965243324159, 0.0859933831980882, 3.1112918810152328, 1.6724933981715639,2.00, 0.1513205760000000
7.083333, 5.416667, 0.797365, 0.349962, 1.5482791704123426, 0.4795728263499010, 3.0472049633145990, 2.1844588980877719,0.0912330358953633, 0.0760541788548234, 3.1156399436131532, 1.6435104197722252,2.00, 0.1513205760000000
7.083333, 5.833333, 0.784115, 0.356468, 1.5337324188325361, 0.4804802588010362, 3.0413336201253220, 2.1448285771355273,0.0910210750290742, 0.0763455343899507, 3.1238114819551144, 1.6096015994168960,2.00, 0.1513205760000000
7.083333, 6.250000, 0.771871, 0.366152, 1.5213104882200770, 0.4814258594274253, 3.0348524099964393, 2.1095228949175984,0.0915173387813218, 0.0770067096565373, 3.1357317421314037, 1.5700119388042997,2.00, 0.1513205760000000
7.083333, 6.666667, 0.760594, 0.378742, 1.5150375455815568, 0.4830695125770945, 3.0321654575756125, 2.0894801164924344,0.0927292437255867, 0.0779262422637486, 3.1503657015106543, 1.5252405064141943,2.00, 0.1513205760000000
7.083333, 7.083333, 0.750214, 0.393855, 1.5112075510589495, 0.4852118708549035, 3.0164957319212822, 2.0748926029766688,0.0946385114830088, 0.0790533555174193, 3.1701224836970447, 1.4752532974030892,2.00, 0.1513205760000000
7.083333, 7.500000, 0.740623, 0.411323, 1.5119622749245170, 0.4881747867235637, 3.0166309115418257, 2.0740545302014315,0.0972238871544231, 0.0803371935465935, 3.1893670652344057, 1.4187826676443820,2.00, 0.1513205760000000
7.083333, 7.916667, 0.731745, 0.430434, 1.5148848647153395, 0.4916510596720903, 3.0195509586448779, 2.0797634555766256,0.1004876079893186, 0.0817544376416420, 3.2088034900524507, 1.3554260214941234,2.00, 0.1513205760000000
7.083333, 8.333333, 0.723499, 0.450387, 1.5191940724202875, 0.4955042648648733, 3.0316806155493481, 2.0916117331141661,0.1044288955619356, 0.0832797022305940, 3.2152805942037359, 1.2836792891260935,2.00, 0.1513205760000000
7.083333, 8.750000, 0.715801, 0.470711, 1.5213815705457348, 0.4993415795286436, 3.0506852356487668, 2.0979521470871112,0.1090158310244083, 0.0849159741811119, 3.2064314113233325, 1.2128164552623415,2.00, 0.1513205760000000
7.083333, 9.166667, 0.708591, 0.490672, 1.5185405372711613, 0.5028788133072761, 3.0768194346800972, 2.0926000784386947,0.1142228406027071, 0.0866734188845996, 3.2016278138024390, 1.1420471292663097,2.00, 0.1513205760000000
7.083333, 9.583333, 0.701820, 0.509632, 1.5173094826403073, 0.5067597419836398, 3.0985793726828139, 2.0914458526769275,0.1200281431464610, 0.0885499317936707, 3.2035280237498354, 1.0726531958349075,2.00, 0.1513205760000000
7.083333, 10.000000, 0.695436, 0.527277, 1.5179873893895655, 0.5109896138252640, 3.1216023352930886, 2.0958133965038495,0.1264170899666631, 0.0905346944978027, 3.2056560444414979, 1.0043524240955695,2.00, 0.1513205760000000
7.500000, 1.666667, 0.949949, 0.344497, 1.7467913908444224, 0.4373027019355358, 3.1203453540525183, 2.6231838380437633,0.2814149215163637, 0.6112745323118620, 3.0920631059506798, 1.7577804781996256,2.00, 0.1513205760000000
7.500000, 2.083333, 0.932507, 0.339329, 1.7269785149719583, 0.4449464474518656, 3.1192201235551633, 2.5841344654400573,0.2377607132759300, 0.5260344700912324, 3.1106302415649272, 1.7553609299032829,2.00, 0.1513205760000000
7.500000, 2.500000, 0.914484, 0.333726, 1.7057273999771592, 0.4521701173005775, 3.1190555202223367, 2.5411432587215832,0.2022056385822144, 0.4438914977138800, 3.1217477822466200, 1.7504523310142828,2.00, 0.1513205760000000
7.500000, 2.916667, 0.896226, 0.327927, 1.6835554237323809, 0.4587027219806051, 3.1119814692219592, 2.4952828024362765,0.1765451728871971, 0.3759156604581069, 3.1282220103154343, 1.7428815945266622,2.00, 0.1513205760000000
7.500000, 3.333333, 0.878037, 0.322183, 1.6601285334262268, 0.4645130678471954, 3.1034033789341611, 2.4457259796139215,0.1574042283828306, 0.3188072105737124, 3.1255650104542636, 1.7322820524259868,2.00, 0.1513205760000000
7.500000, 3.750000, 0.860132, 0.317048, 1.6366693425950594, 0.4692423332327615, 3.0972599323323120, 2.3945003488173624,0.1433173738843992, 0.2730887830790239, 3.1171321062394539, 1.7189037251574855,2.00, 0.1513205760000000
7.500000, 4.166667, 0.842770, 0.312910, 1.6117894197656883, 0.4730416921984469, 3.0812408779068861, 2.3370133717623256,0.1321146871948746, 0.2320532748370839, 3.1114086811028576, 1.7020774195319948,2.00, 0.1513205760000000
7.500000, 4.583333, 0.826155, 0.310176, 1.5900075498781476, 0.4755608613557379, 3.0656424285703867, 2.2846143277175681,0.1234673425713059, 0.1956293969827910, 3.1127974026194694, 1.6813216414518712,2.00, 0.1513205760000000
7.500000, 5.000000, 0.810377, 0.309484, 1.5699497956024535, 0.4772613920461595, 3.0537080367000744, 2.2353683892630527,0.1170796175474949, 0.1638944950958126, 3.1194896519001829, 1.6561959844622884,2.00, 0.1513205760000000
7.500000, 5.416667, 0.795538, 0.311066, 1.5518950800443889, 0.4783946895186548, 3.0406439906648401, 2.1876685247330161,0.1126238120662758, 0.1359792442326261, 3.1240667054641431, 1.6265255002199546,2.00, 0.1513205760000000
7.500000, 5.833333, 0.781683, 0.315034, 1.5388911838313559, 0.4794178819635996, 3.0347690918365973, 2.1517088860725004,0.1095236342260537, 0.1077442268575544, 3.1360864867251421, 1.5931964659917905,2.00, 0.1513205760000000
7.500000, 6.250000, 0.768768, 0.321752, 1.5282177366445806, 0.4805252281159228, 3.0264228351986562, 2.1209513197132224,0.1087385088983175, 0.0956619729060236, 3.1469636678201995, 1.5547909640906319,2.00, 0.1513205760000000
7.500000, 6.666667, 0.756770, 0.331084, 1.5225434421368169, 0.4821560674189925, 3.0203872197761270, 2.1025778866337559,0.1094206178897198, 0.0930085067017330, 3.1610307105292059, 1.5125012846143600,2.00, 0.1513205760000000
7.500000, 7.083333, 0.745640, 0.342873, 1.5195787665137599, 0.4842514231961522, 3.0184455496801172, 2.0904079351601719,0.1110786591141421, 0.0932845287089402, 3.1727266043476350, 1.4648587205119277,2.00, 0.1513205760000000
7.500000, 7.500000, 0.735282, 0.357160, 1.5208891827599900, 0.4870238792362444, 3.0181029356391065, 2.0915660671042140,0.1135357085285669, 0.0939612160521750, 3.1873190151910604, 1.4107335264088197,2.00, 0.1513205760000000
7.500000, 7.916667, 0.725636, 0.373483, 1.5249710678423014, 0.4902866531977316, 3.0142465256034665, 2.0996038451094883,0.1167992068120389, 0.0949584548350181, 3.2022343895794747, 1.3493424047974893,2.00, 0.1513205760000000
7.500000, 8.333333, 0.716636, 0.391284, 1.5275139796789543, 0.4935960054037152, 3.0261957996845434, 2.1057439040870789,0.1208677338698280, 0.0962045098920910, 3.2090985312009019, 1.2788710184153711,2.00, 0.1513205760000000
7.500000, 8.750000, 0.708202, 0.410236, 1.5297242532985873, 0.4970637516505264, 3.0484436930400696, 2.1118066133123126,0.1257091916548267, 0.0976591031780417, 3.2066468184868939, 1.2061048615992478,2.00, 0.1513205760000000
7.500000, 9.166667, 0.700285, 0.429655, 1.5316724087014002, 0.5006796949835388, 3.0657301957795160, 2.1166007271790215,0.1312850182088191, 0.0993109260321182, 3.2095242002788313, 1.1320702087840366,2.00, 0.1513205760000000
7.500000, 9.583333, 0.692841, 0.448908, 1.5319905246791501, 0.5043201375669533, 3.0904156631058139, 2.1179728160110884,0.1375567595815726, 0.1011446065618523, 3.2118226135658157, 1.0642316250737798,2.00, 0.1513205760000000
7.500000, 10.000000, 0.685820, 0.467664, 1.5342062277065489, 0.5082279470424277, 3.1046681586814859, 2.1241442349767388,0.1444972393665529, 0.1031370937515333, 3.2129959711521860, 0.9972167317384857,2.00, 0.1513205760000000
7.916667, 1.666667, 0.950106, 0.318576, 1.7409876194852156, 0.4392434477382637, 3.1089724507825007, 2.6085570411300947,0.3458799691821339, 0.6810332616726139, 3.0869673603069789, 1.7418775188708755,2.00, 0.1513205760000000
7.916667, 2.083333, 0.932584, 0.312955, 1.7226761007083020, 0.4459136191624829, 3.1065747114797797, 2.5719242095147021,0.2968485659601448, 0.6003280176237221, 3.1032448623725357, 1.7375576458099289,2.00, 0.1513205760000000
7.916667, 2.500000, 0.914486, 0.306870, 1.7029518151905205, 0.4524052512151627, 3.1050907049563214, 2.5320400702917847,0.2604383859583741, 0.5328007720973011, 3.1088336248976036, 1.7316176109016186,2.00, 0.1513205760000000
7.916667, 2.916667, 0.896150, 0.300568, 1.6812344190748243, 0.4585749034621315, 3.0991934253761966, 2.4864243249872953,0.2309703922521643, 0.4710602716120494, 3.1129940185010532, 1.7234453997099999,2.00, 0.1513205760000000
7.916667, 3.333333, 0.877870, 0.294311, 1.6588341692043904, 0.4639893263271873, 3.0916420904299375, 2.4383359980426969,0.2084417291081195, 0.4193361067588204, 3.1131722042928920, 1.7137370195081467,2.00, 0.1513205760000000
7.916667, 3.750000, 0.859839, 0.288610, 1.6369763352526787, 0.4683827970876864, 3.0842810557262839, 2.3905709190035163,0.1905694562703379, 0.3749056432809381, 3.1165041611173709, 1.7009440920264325,2.00, 0.1513205760000000
7.916667, 4.166667, 0.842298, 0.283795, 1.6127374082494443, 0.4720950127732036, 3.0685152783231957, 2.3335238462126386,0.1755300912556097, 0.3337861896379170, 3.1204719375035403, 1.6835939932204078,2.00, 0.1513205760000000
7.916667, 4.583333, 0.825434, 0.280191, 1.5918602864809079, 0.4745647450955047, 3.0538501569055154, 2.2833030656513009,0.1640047835845401, 0.3003021694439971, 3.1267584634848848, 1.6634851212827850,2.00, 0.1513205760000000
7.916667, 5.000000, 0.809327, 0.278274, 1.5730419114536383, 0.4762752744715862, 3.0347955362760040, 2.2363428898447903,0.1537535967243681, 0.2654947612867410, 3.1331433403863080, 1.6393422790554244,2.00, 0.1513205760000000
7.916667, 5.416667, 0.794079, 0.278163, 1.5568770007595256, 0.4775011301877186, 3.0283159710435386, 2.1930141378089192,0.1462543377463505, 0.2371943218236841, 3.1386087765498094, 1.6109519108187786,2.00, 0.1513205760000000
7.916667, 5.833333, 0.779741, 0.279972, 1.5452388871668874, 0.4786271539898194, 3.0175214531120158, 2.1604460792332936,0.1399040861412987, 0.2059098956213631, 3.1484925200044516, 1.5778912750151182,2.00, 0.1513205760000000
7.916667, 6.250000, 0.766279, 0.284055, 1.5355000273226578, 0.4798091282632409, 3.0165822990840487, 2.1322999419719233,0.1360044145051908, 0.1808035826629179, 3.1602459708897976, 1.5409712346016879,2.00, 0.1513205760000000
7.916667, 6.666667, 0.753685, 0.290344, 1.5310903093670678, 0.4814650290732237, 3.0148754363366264, 2.1176641773626144,0.1327145693270052, 0.1483647801157308, 3.1751214029618957, 1.4980538441699671,2.00, 0.1513205760000000
7.916667, 7.083333, 0.741925, 0.298755, 1.5293732048230311, 0.4835227368127417, 3.0100801606067220, 2.1093341562461601,0.1320102945498915, 0.1267754256440654, 3.1897060423022632, 1.4499935039237832,2.00, 0.1513205760000000
7.916667, 7.500000, 0.730915, 0.309433, 1.5300227936684929, 0.4859836458147869, 3.0058723964365477, 2.1087203172064672,0.1334583087400069, 0.1171695675169470, 3.1969888151676393, 1.3965819087514706,2.00, 0.1513205760000000
7.916667, 7.916667, 0.720609, 0.322104, 1.5332776865389957, 0.4888481365917818, 3.0058514927071909, 2.1143308756725712,0.1361955169436833, 0.1116754259974533, 3.2050681082685166, 1.3358327253232989,2.00, 0.1513205760000000
7.916667, 8.333333, 0.710950, 0.336444, 1.5344197762708316, 0.4917256622817149, 3.0146586460918856, 2.1157608694681747,0.1402488858897262, 0.1112341830401077, 3.2169068333821413, 1.2657057891975800,2.00, 0.1513205760000000
7.916667, 8.750000, 0.701867, 0.352361, 1.5359768379886392, 0.4948047984020157, 3.0339522961397791, 2.1201114468859994,0.1453013629710091, 0.1123053671413417, 3.2196766316502674, 1.1929512606335408,2.00, 0.1513205760000000
7.916667, 9.166667, 0.693319, 0.369440, 1.5394652381257263, 0.4981608327729272, 3.0559695586609763, 2.1299109382074519,0.1512041742096163, 0.1136814272911799, 3.2235737220063485, 1.1216174909873413,2.00, 0.1513205760000000
7.916667, 9.583333, 0.685266, 0.387227, 1.5433567957501826, 0.5016489101073502, 3.0724108776866417, 2.1399500651510910,0.1579066519924980, 0.1153168296290540, 3.2246970097748924, 1.0536305535951420,2.00, 0.1513205760000000
7.916667, 10.000000, 0.677662, 0.405438, 1.5452516492975583, 0.5051188842073050, 3.0915339960605919, 2.1457971423241786,0.1653749790024129, 0.1171609183044373, 3.2237059443533429, 0.9874417569802013,2.00, 0.1513205760000000
8.333333, 1.666667, 0.950509, 0.295307, 1.7357578885068834, 0.4413028968419573, 3.1035876879832558, 2.5952273107814587,0.4072114001000651, 0.7388919684189516, 3.0754482230135509, 1.7251578252532724,2.00, 0.1513205760000000
8.333333, 2.083333, 0.932839, 0.289621, 1.7179933287423830, 0.4474423003187031, 3.0996915538861249, 2.5596314374178566,0.3528355477112969, 0.6595540676075222, 3.1058876631948387, 1.7161453031112193,2.00, 0.1513205760000000
8.333333, 2.500000, 0.914625, 0.283456, 1.6992968679424238, 0.4532768809970891, 3.0957340053802196, 2.5213005096741097,0.3137239206121329, 0.5960009429701608, 3.1203812123127688, 1.7079975735096444,2.00, 0.1513205760000000
8.333333, 2.916667, 0.896203, 0.277083, 1.6797823614707448, 0.4586688003767577, 3.0915576642830409, 2.4803052575030726,0.2827890731574801, 0.5406077990025602, 3.1317521616004926, 1.6992779053042983,2.00, 0.1513205760000000
8.333333, 3.333333, 0.877846, 0.270760, 1.6578584372834888, 0.4638205738802246, 3.0823201166282925, 2.4321739254357193,0.2581977725068081, 0.4926159191491322, 3.1377616322153088, 1.6887610109449056,2.00, 0.1513205760000000
8.333333, 3.750000, 0.859724, 0.264955, 1.6369424501455545, 0.4679421921511914, 3.0706160647290677, 2.3854560238110354,0.2390290103117974, 0.4532891853224546, 3.1411777586093645, 1.6757971771996834,2.00, 0.1513205760000000
8.333333, 4.166667, 0.842058, 0.259936, 1.6137432589659417, 0.4714878927145941, 3.0537954367508693, 2.3307360877259313,0.2223445329801594, 0.4160919616201748, 3.1449360671912534, 1.6599476981783439,2.00, 0.1513205760000000
8.333333, 4.583333, 0.825016, 0.255906, 1.5942389121826421, 0.4738582843357856, 3.0379472485139516, 2.2831437095200715,0.2080449331012478, 0.3811958685520280, 3.1488645469796785, 1.6410133885450402,2.00, 0.1513205760000000
8.333333, 5.000000, 0.808667, 0.253235, 1.5764549168265958, 0.4755621315261934, 3.0215411547328932, 2.2373872690677445,0.1966530700363988, 0.3515639336785621, 3.1544786027980405, 1.6188281996018186,2.00, 0.1513205760000000
8.333333, 5.416667, 0.793112, 0.251977, 1.5613850310808823, 0.4768175973526995, 3.0095971466418678, 2.1965567889795095,0.1868680177301908, 0.3232925759750964, 3.1604445604658919, 1.5925045053830793,2.00, 0.1513205760000000
8.333333, 5.833333, 0.778406, 0.252242, 1.5504316928121162, 0.4779509306220340, 2.9996663919559068, 2.1656086926727904,0.1783747098452211, 0.2942959846333527, 3.1662006272554590, 1.5615856569053046,2.00, 0.1513205760000000
8.333333, 6.250000, 0.764522, 0.254298, 1.5427504880129481, 0.4792050212614000, 2.9960546345645218, 2.1432904603457792,0.1717289855916717, 0.2664252398107067, 3.1755390425074070, 1.5258043421167888,2.00, 0.1513205760000000
8.333333, 6.666667, 0.751466, 0.258109, 1.5386112026631360, 0.4807606272958933, 2.9993920748023615, 2.1300785162266975,0.1669059989926502, 0.2394855109626192, 3.1901842554285031, 1.4842366934415823,2.00, 0.1513205760000000
8.333333, 7.083333, 0.739213, 0.263625, 1.5381182268967484, 0.4827179669483129, 2.9940212181807055, 2.1254992081694963,0.1630953866155574, 0.2089229326566814, 3.2015082894728537, 1.4372694264761394,2.00, 0.1513205760000000
8.333333, 7.500000, 0.727690, 0.271016, 1.5373316609964895, 0.4848323406980125, 2.9925036217295053, 2.1212539951590217,0.1617887399440469, 0.1847613857121772, 3.2054702203505876, 1.3841968187824245,2.00, 0.1513205760000000
8.333333, 7.916667, 0.716857, 0.280095, 1.5393065237949788, 0.4873057545621494, 2.9992751252613181, 2.1233001977359156,0.1626113822436364, 0.1664712252703205, 3.2172250100663238, 1.3218202665835312,2.00, 0.1513205760000000
8.333333, 8.333333, 0.706670, 0.290658, 1.5407513215901956, 0.4899043048370186, 3.0153625878777572, 2.1254243449534740,0.1646406845711788, 0.1474591696690477, 3.2344826262691617, 1.2489672560828227,2.00, 0.1513205760000000
8.333333, 8.750000, 0.697060, 0.302762, 1.5441638976494707, 0.4927638772407751, 3.0281722609996642, 2.1325860555946945,0.1689311240222268, 0.1388556456109311, 3.2363963242812805, 1.1770225303478365,2.00, 0.1513205760000000
8.333333, 9.166667, 0.687994, 0.316222, 1.5479170437090002, 0.4957543801739334, 3.0451404939709072, 2.1429915129653652,0.1745490500494621, 0.1338644507697523, 3.2378402289430053, 1.1072357506639137,2.00, 0.1513205760000000
8.333333, 9.583333, 0.679437, 0.330864, 1.5541391878306186, 0.4989260292310546, 3.0645335981197181, 2.1587891351436972,0.1813752696491807, 0.1322760154705737, 3.2374284921319609, 1.0402249588596661,2.00, 0.1513205760000000
8.333333, 10.000000, 0.671346, 0.346651, 1.5604520457547806, 0.5021211992726713, 3.0790631571841081, 2.1747944048927921,0.1892273655991290, 0.1326024828138294, 3.2332699722679994, 0.9745448120030327,2.00, 0.1513205760000000
